System,infeas_detected,opt_status,name,PMM_iter,SSN_iter,PMM_res,SSN_res,solving_time_sec,linesearch_fails
S,0,1,BGDBG1,1000,40003,0.552948,5.68306e-05,1.52775,530
S,0,1,BGETAM,1000,39655,0.969163,0.00120979,2.88882,518
S,0,1,BGINDY,1000,40855,0.107884,0.00277313,53.3306,486
S,0,1,BGPRTR,1000,42231,0.0163146,0.000194822,0.231135,497
S,0,1,BOX1,1000,39572,0.109554,0.00013059,4.15168,502
K,1,-2,CERIA3D,26,61,1e+20,1e+20,0.123207,0
S,0,1,CHEMCOM,1000,39401,0.93501,0.00367929,2.51005,517
S,0,1,CPLEX1,1000,40221,0.00303169,0.0411173,72.6633,445
K,0,0,CPLEX2,30,110,1.11775e-07,4.30865e-09,0.013827,0
S,0,1,EX72A,1000,39831,0.0179489,8.73721e-05,2.87124,492
S,0,1,EX73A,1000,39315,0.0404155,5.64744e-05,2.78558,480
S,0,1,GALENET,1000,39415,0.823529,0.00359789,0.18909,513
S,0,1,GOSH,1000,30294,0.000497821,2.70533e-09,197.923,864
K,0,1,GRAN,1000,39277,7.59988e-05,0.00129626,17.6362,256
S,0,1,GREENBEA,1000,41464,0.927684,7.14757e-05,73.3961,548
K,1,-2,ITEST2,6,8,1e+20,1e+20,0.000111292,0
K,0,1,ITEST6,1000,35439,0.883841,0.0078125,0.133799,0
S,1,-2,KLEIN1,98,709,1e+20,1e+20,0.10331,1
K,1,-2,KLEIN2,62,744,1e+20,1e+20,0.118544,0
K,1,-2,KLEIN3,109,2084,1e+20,1e+20,0.491936,0
S,0,1,MONDOU2,1000,38753,0.000933427,2.8066e-05,5.3422,492
S,0,1,PANG,1000,42174,0.000131143,4.92381e-05,4.08621,466
S,0,1,PILOT4I,1000,42760,0.0010431,7.90467e-05,15.364,455
S,0,1,QUAL,1000,38045,8.53739e-05,0.001775,12.0213,2
S,0,1,REACTOR,1000,40710,0.0106469,0.000287065,5.57983,445
S,0,1,REFINERY,1000,40091,0.0146665,0.00010832,13.1053,524
S,0,1,VOL1,1000,38270,0.000148208,0.00159762,11.5431,24
S,0,1,WOODINFE,1000,36180,0.833333,0.00987388,0.765527,283

S,0,1,BGDBG1,1000,40003,0.552948,5.68306e-05,1.462,530
S,0,1,BGETAM,1000,39655,0.969163,0.00120979,2.90767,518
S,0,1,BGINDY,1000,40855,0.107884,0.00277313,52.9944,486
S,0,1,BGPRTR,1000,42231,0.0163146,0.000194822,0.232553,497
S,0,1,BOX1,1000,39572,0.109554,0.00013059,4.21026,502
K,1,-2,CERIA3D,21,54,1e+20,1e+20,0.124904,0
S,0,1,CHEMCOM,1000,39401,0.93501,0.00367929,2.61693,517
S,0,1,CPLEX1,1000,40221,0.00303169,0.0411173,73.1714,445
K,0,0,CPLEX2,30,110,1.11775e-07,4.30865e-09,0.0135352,0
S,0,1,EX72A,1000,39831,0.0179489,8.73721e-05,2.80967,492
S,0,1,EX73A,1000,39315,0.0404155,5.64744e-05,2.86273,480
S,0,1,GALENET,1000,39415,0.823529,0.00359789,0.157464,513
S,0,1,GOSH,1000,30294,0.000497821,2.70533e-09,197.964,864
K,0,1,GRAN,1000,39277,7.59988e-05,0.00129626,16.9878,256
S,0,1,GREENBEA,1000,41464,0.927684,7.14757e-05,76.6435,548
K,1,-2,ITEST2,5,7,1e+20,1e+20,0.000107292,0
K,0,1,ITEST6,1000,35439,0.883841,0.0078125,0.110953,0
S,1,-2,KLEIN1,97,704,1e+20,1e+20,0.0345265,1
K,1,-2,KLEIN2,62,744,1e+20,1e+20,0.114789,0
K,1,-2,KLEIN3,109,2084,1e+20,1e+20,0.515608,0
S,0,1,MONDOU2,1000,38753,0.000933427,2.8066e-05,6.64356,492
S,0,1,PANG,1000,42174,0.000131143,4.92381e-05,4.27858,466
S,0,1,PILOT4I,1000,42760,0.0010431,7.90467e-05,16.0254,455
S,0,1,QUAL,1000,38045,8.53739e-05,0.001775,12.0537,2
S,0,1,REACTOR,1000,40710,0.0106469,0.000287065,5.59066,445
S,0,1,REFINERY,1000,40091,0.0146665,0.00010832,13.9018,524
S,0,1,VOL1,1000,38270,0.000148208,0.00159762,13.3569,24
S,0,1,WOODINFE,1000,36180,0.833333,0.00987388,0.751922,283

1e-6
S,1,-2,BGDBG1,14,36,1e+20,1e+20,0.013826,0
S,1,-2,BGETAM,27,146,1e+20,1e+20,0.0806724,0
S,1,-2,BGINDY,22,225,1e+20,1e+20,1.26695,0
S,1,-2,BGPRTR,25,74,1e+20,1e+20,0.00128717,0
S,1,-2,BOX1,31,37,1e+20,1e+20,0.00581013,0
K,1,-2,CERIA3D,26,62,1e+20,1e+20,0.125948,0
S,1,-2,CHEMCOM,18,61,1e+20,1e+20,0.0279854,0
S,1,-2,CPLEX1,42,1034,1e+20,1e+20,15.1178,32
K,0,0,CPLEX2,30,110,1.11775e-07,4.30865e-09,0.0138367,0
S,1,-2,EX72A,29,46,1e+20,1e+20,0.00714392,0
S,1,-2,EX73A,26,44,1e+20,1e+20,0.00657292,0
S,1,-2,GALENET,38,182,1e+20,1e+20,0.00116621,0
S,0,1,GOSH,1000,30294,0.000497821,2.70533e-09,204.035,864
K,1,-2,GRAN,70,1471,1e+20,1e+20,1.32329,0
S,1,-2,GREENBEA,37,847,1e+20,1e+20,6.96996,0
K,1,-2,ITEST2,6,9,1e+20,1e+20,0.000117292,0
K,1,-2,ITEST6,5,9,1e+20,1e+20,0.0001105,0
S,1,-2,KLEIN1,53,293,1e+20,1e+20,0.0204077,0
K,1,-2,KLEIN2,44,490,1e+20,1e+20,0.076113,0
K,1,-2,KLEIN3,47,273,1e+20,1e+20,0.234838,0
S,1,-2,MONDOU2,18,81,1e+20,1e+20,0.0264075,0
S,1,-2,PANG,69,1720,1e+20,1e+20,0.371521,14
S,1,-2,PILOT4I,52,723,1e+20,1e+20,0.726391,1
S,1,-2,QUAL,157,4361,1e+20,1e+20,1.43027,0
S,1,-2,REACTOR,51,379,1e+20,1e+20,0.144072,0
S,1,-2,REFINERY,42,188,1e+20,1e+20,0.132062,0
S,1,-2,VOL1,78,1183,1e+20,1e+20,0.435235,0
S,1,-2,WOODINFE,34,59,1e+20,1e+20,0.00194729,0

1e-8
S,1,-2,BGDBG1,24,46,1e+20,1e+20,0.0156641,0
S,1,-2,BGETAM,29,150,1e+20,1e+20,0.080194,0
S,1,-2,BGINDY,37,811,1e+20,1e+20,3.22403,21
S,1,-2,BGPRTR,47,165,1e+20,1e+20,0.00199121,0
S,1,-2,BOX1,61,374,1e+20,1e+20,0.0430012,1
K,1,-2,CERIA3D,31,67,1e+20,1e+20,0.122185,0
S,1,-2,CHEMCOM,54,398,1e+20,1e+20,0.0863763,46
S,1,-2,CPLEX1,53,1455,1e+20,1e+20,16.5236,46
K,0,0,CPLEX2,30,110,1.11775e-07,4.30865e-09,0.0137413,0
S,0,1,EX72A,1000,39831,0.0179489,8.73721e-05,2.74909,492
S,0,1,EX73A,1000,39315,0.0404155,5.64744e-05,2.83348,480
S,0,1,GALENET,1000,39415,0.823529,0.00359789,0.155813,513
S,0,1,GOSH,1000,30294,0.000497821,2.70533e-09,199.255,864
K,0,1,GRAN,1000,39277,7.59988e-05,0.00129626,16.9358,256
S,1,-2,GREENBEA,95,3183,1e+20,1e+20,19.1638,84
K,1,-2,ITEST2,8,11,1e+20,1e+20,0.000128084,0
K,1,-2,ITEST6,6,10,1e+20,1e+20,0.0001105,0
S,1,-2,KLEIN1,80,572,1e+20,1e+20,0.0303834,0
K,1,-2,KLEIN2,78,1085,1e+20,1e+20,0.135428,0
K,1,-2,KLEIN3,75,764,1e+20,1e+20,0.349095,0
S,1,-2,MONDOU2,19,85,1e+20,1e+20,0.0282884,0
S,0,1,PANG,1000,42174,0.000131143,4.92381e-05,3.97512,466
S,0,1,PILOT4I,1000,42760,0.0010431,7.90467e-05,14.9569,455
S,0,1,QUAL,1000,38045,8.53739e-05,0.001775,11.2819,2
S,1,-2,REACTOR,65,787,1e+20,1e+20,0.191195,3
S,1,-2,REFINERY,50,229,1e+20,1e+20,0.108134,0
S,0,1,VOL1,1000,38270,0.000148208,0.00159762,11.4279,24
S,1,-2,WOODINFE,71,1131,1e+20,1e+20,0.0655456,0

1e-7
S,1,-2,BGDBG1,15,37,1e+20,1e+20,0.013002,0
S,1,-2,BGETAM,29,150,1e+20,1e+20,0.0851278,0
S,1,-2,BGINDY,26,312,1e+20,1e+20,1.53568,0
S,1,-2,BGPRTR,30,81,1e+20,1e+20,0.00135763,0
S,1,-2,BOX1,50,70,1e+20,1e+20,0.0100772,0
K,1,-2,CERIA3D,30,66,1e+20,1e+20,0.121176,0
S,1,-2,CHEMCOM,21,67,1e+20,1e+20,0.0275688,0
S,1,-2,CPLEX1,51,1353,1e+20,1e+20,16.2024,42
K,0,0,CPLEX2,30,110,1.11775e-07,4.30865e-09,0.0141509,0
S,1,-2,EX72A,30,48,1e+20,1e+20,0.00816954,0
S,1,-2,EX73A,34,55,1e+20,1e+20,0.0774977,0
S,1,-2,GALENET,57,734,1e+20,1e+20,0.011849,0
S,0,1,GOSH,1000,30294,0.000497821,2.70533e-09,201.779,864
K,0,1,GRAN,1000,39277,7.59988e-05,0.00129626,16.5657,256
S,1,-2,GREENBEA,50,1364,1e+20,1e+20,10.1034,2
K,1,-2,ITEST2,7,10,1e+20,1e+20,0.000119833,0
K,1,-2,ITEST6,6,10,1e+20,1e+20,0.000120167,0
S,1,-2,KLEIN1,73,513,1e+20,1e+20,0.0289655,0
K,1,-2,KLEIN2,72,916,1e+20,1e+20,0.157191,0
K,1,-2,KLEIN3,68,497,1e+20,1e+20,0.31166,0
S,1,-2,MONDOU2,18,81,1e+20,1e+20,0.025592,0
S,1,-2,PANG,116,3731,1e+20,1e+20,0.590361,41
S,1,-2,PILOT4I,63,1215,1e+20,1e+20,1.03082,5
S,0,1,QUAL,1000,38045,8.53739e-05,0.001775,11.6709,2
S,1,-2,REACTOR,53,391,1e+20,1e+20,0.140993,0
S,1,-2,REFINERY,42,188,1e+20,1e+20,0.0948878,0
S,0,1,VOL1,1000,38270,0.000148208,0.00159762,11.4012,24
S,1,-2,WOODINFE,42,147,1e+20,1e+20,0.00409638,0

S,1,-2,BGDBG1,15,37,1e+20,1e+20,0.012805,0
S,1,-2,BGETAM,29,150,1e+20,1e+20,0.0831306,0
S,1,-2,BGINDY,26,312,1e+20,1e+20,1.58709,0
S,1,-2,BGPRTR,30,81,1e+20,1e+20,0.00130387,0
S,1,-2,BOX1,50,70,1e+20,1e+20,0.0105695,0
K,1,-2,CERIA3D,30,66,1e+20,1e+20,0.12608,0
S,1,-2,CHEMCOM,21,67,1e+20,1e+20,0.027806,0
S,1,-2,CPLEX1,51,1353,1e+20,1e+20,16.8796,42
K,0,0,CPLEX2,30,110,1.11775e-07,4.30865e-09,0.0143535,0
S,1,-2,EX72A,30,48,1e+20,1e+20,0.00780637,0
S,1,-2,EX73A,34,55,1e+20,1e+20,0.00902821,0
S,1,-2,GALENET,57,734,1e+20,1e+20,0.00359158,0
S,0,1,GOSH,1000,30294,0.000497821,2.70533e-09,201.871,864
K,0,1,GRAN,1000,39277,7.59988e-05,0.00129626,17.46,256
S,1,-2,GREENBEA,50,1364,1e+20,1e+20,10.1088,2
K,1,-2,ITEST2,7,10,1e+20,1e+20,0.000114667,0
K,1,-2,ITEST6,6,10,1e+20,1e+20,0.000117,0
S,1,-2,KLEIN1,73,513,1e+20,1e+20,0.0284486,0
K,1,-2,KLEIN2,72,916,1e+20,1e+20,0.131729,0
K,1,-2,KLEIN3,68,497,1e+20,1e+20,0.312662,0
S,1,-2,MONDOU2,18,81,1e+20,1e+20,0.0259932,0
S,1,-2,PANG,116,3731,1e+20,1e+20,0.592378,41
S,1,-2,PILOT4I,63,1215,1e+20,1e+20,1.04184,5
S,0,1,QUAL,1000,38045,8.53739e-05,0.001775,11.6923,2
S,1,-2,REACTOR,53,391,1e+20,1e+20,0.141839,0
S,1,-2,REFINERY,42,188,1e+20,1e+20,0.0928923,0
S,0,1,VOL1,1000,38270,0.000148208,0.00159762,11.428,24
S,1,-2,WOODINFE,42,147,1e+20,1e+20,0.00414517,0