System,infeas_detected,opt_status,name,PMM_iter,SSN_iter,Krylov_iter,fact,PMM_res,SSN_res,solving_time_sec,linesearch_fail
S,1,-2,BGDBG1,28,50,858,48,1e+20,1e+20,0.0154072,0
S,1,-2,BGETAM,28,122,2674,122,1e+20,1e+20,0.0732926,0
S,1,-2,BGINDY,88,721,19424,699,1e+20,1e+20,3.55927,10
S,1,-2,BGPRTR,48,120,596,66,1e+20,1e+20,0.00165367,0
S,0,4,BOX1,272076,2360035,995864,397702,0.109554,2.45741e-05,60,125657
K,1,-2,CERIA3D,25,60,0,59,1e+20,1e+20,0.104015,0
S,1,-2,CHEMCOM,92,655,7466,249,1e+20,1e+20,0.144058,81
S,1,-2,CPLEX1,54,511,3627,178,1e+20,1e+20,17.0757,35
K,0,0,CPLEX2,33,79,0,77,2.43302e-07,4.86604e-07,0.0122551,0
S,0,4,EX72A,303543,2862961,1317344,443870,0.0179501,0.000939552,60.0001,140464
S,0,4,EX73A,319546,2826291,1663031,467296,0.0404159,3.37674e-05,60.0002,147871
S,1,-2,GALENET,8,13,35,13,1e+20,1e+20,0.000238084,0
S,0,4,GOSH,261,2051,252991,2045,1.00032,3676.14,60.1873,0
K,0,4,GRAN,8169,73936,0,11642,7.59981e-05,0.000532716,60.0037,3050
S,0,4,GREENBEA,1064,8501,304529,8501,0.927683,8.82917,60.0517,0
K,1,-2,ITEST2,6,9,0,9,1e+20,1e+20,0.000100625,0
K,1,-2,ITEST6,5,9,0,9,1e+20,1e+20,0.000106292,0
S,0,0,KLEIN1,378,2542,10919,484,9.67562e-07,1.20145e-05,0.0862579,1
K,1,-2,KLEIN2,180,1287,0,383,1e+20,1e+20,0.186516,0
K,1,-2,KLEIN3,114,539,0,411,1e+20,1e+20,0.400404,0
S,1,-2,MONDOU2,19,87,1799,54,1e+20,1e+20,0.0230188,0
S,0,4,PANG,55033,545901,2071098,80435,0.000131143,3.53089e-05,60.0011,24511
S,0,4,PILOT4I,33760,351087,871717,52339,0.00104347,5.67005e-05,60.0003,15224
S,0,4,QUAL,170495,1367714,1448753,23017,7.71431e-05,0.000245899,60.0002,5511
S,1,-2,REACTOR,104,611,19296,451,1e+20,1e+20,0.227685,0
S,1,-2,REFINERY,50,204,2459,194,1e+20,1e+20,0.0906342,0
S,0,4,VOL1,154303,1278649,1142083,95224,0.000151329,0.000436277,60.0003,28114
S,1,-2,WOODINFE,56,118,767,74,1e+20,1e+20,0.00221137,0

S,1,-2,BGDBG1,28,50,858,48,1e+20,1e+20,0.0149701,0
S,1,-2,BGETAM,28,122,2674,122,1e+20,1e+20,0.0743457,0
S,1,-2,BGINDY,88,721,19424,699,1e+20,1e+20,3.42529,10
S,1,-2,BGPRTR,25,66,404,43,1e+20,1e+20,0.00161796,0
S,0,4,BOX1,266520,2311892,978252,389580,0.109554,7.07622e-05,60,123091
K,1,-2,CERIA3D,25,60,0,59,1e+20,1e+20,0.105335,0
S,1,-2,CHEMCOM,37,122,3251,114,1e+20,1e+20,0.0819182,1
S,1,-2,CPLEX1,54,511,3627,178,1e+20,1e+20,16.5398,35
K,0,0,CPLEX2,33,79,0,77,2.43302e-07,4.86604e-07,0.012162,0
S,0,4,EX72A,305763,2884059,1326800,447124,0.0179507,0.000338303,60.0001,141498
S,0,4,EX73A,319514,2826005,1662886,467249,0.0404159,5.46394e-05,60,147856
S,1,-2,GALENET,8,13,35,13,1e+20,1e+20,0.000231667,0
S,0,4,GOSH,260,2043,252171,2037,1.00019,4241.78,60.1089,0
K,0,4,GRAN,8316,75283,0,11848,7.59981e-05,0.000375606,60.0064,3109
S,0,4,GREENBEA,1065,8509,304755,8509,0.927683,16.6309,60.0198,0
K,1,-2,ITEST2,6,9,0,9,1e+20,1e+20,0.000102125,0
K,1,-2,ITEST6,4,8,0,8,1e+20,1e+20,9.4292e-05,0
S,0,0,KLEIN1,378,2542,10919,484,9.67562e-07,1.20145e-05,0.0902803,1
K,1,-2,KLEIN2,180,1287,0,383,1e+20,1e+20,0.219779,0
K,1,-2,KLEIN3,113,537,0,409,1e+20,1e+20,0.395539,0
S,1,-2,MONDOU2,19,87,1799,54,1e+20,1e+20,0.0224717,0
S,0,4,PANG,55826,554093,2096934,81584,0.000131142,0.000120299,60.0003,24867
S,1,-2,PILOT4I,20415,214647,586805,32915,1e+20,1e+20,38.776,9147
S,0,4,QUAL,170531,1368024,1449087,23041,7.71431e-05,0.000573543,60,5519
S,1,-2,REACTOR,90,508,17910,428,1e+20,1e+20,0.172898,0
S,1,-2,REFINERY,50,204,2459,194,1e+20,1e+20,0.141642,0
S,0,4,VOL1,155289,1287415,1153128,96632,0.000151329,0.000399863,60.0001,28556
S,1,-2,WOODINFE,46,76,551,69,1e+20,1e+20,0.00179133,0

S,1,-2,BGDBG1,28,50,858,48,1e+20,1e+20,0.0143181,0
S,1,-2,BGETAM,28,122,2674,122,1e+20,1e+20,0.0709929,0
S,1,-2,BGINDY,87,698,19103,683,1e+20,1e+20,3.27483,7
S,1,-2,BGPRTR,25,66,404,43,1e+20,1e+20,0.00112621,0
S,1,-2,BOX1,29,33,560,31,1e+20,1e+20,0.00449596,0
K,1,-2,CERIA3D,25,60,0,59,1e+20,1e+20,0.107352,0
S,1,-2,CHEMCOM,31,100,2826,100,1e+20,1e+20,0.0401271,0
S,1,-2,CPLEX1,53,497,3574,176,1e+20,1e+20,16.4389,34
K,0,0,CPLEX2,33,79,0,77,2.43302e-07,4.86604e-07,0.0114244,0
S,1,-2,EX72A,33,50,1251,46,1e+20,1e+20,0.00799267,0
S,1,-2,EX73A,32,50,1260,48,1e+20,1e+20,0.00749587,0
S,1,-2,GALENET,7,12,32,12,1e+20,1e+20,0.000215542,0
S,0,4,GOSH,266,2091,256345,2085,0.994454,3409.32,60.1333,0
K,0,4,GRAN,8057,72909,0,11484,7.59981e-05,0.0006903,60.0031,3004
S,0,4,GREENBEA,1079,8621,308475,8621,0.927684,12.9729,60.0161,0
K,1,-2,ITEST2,6,9,0,9,1e+20,1e+20,9.9958e-05,0
K,1,-2,ITEST6,4,8,0,8,1e+20,1e+20,9.5541e-05,0
S,0,0,KLEIN1,378,2542,10919,484,9.67562e-07,1.20145e-05,0.0862055,1
K,1,-2,KLEIN2,179,1279,0,382,1e+20,1e+20,0.186772,0
K,1,-2,KLEIN3,63,362,0,299,1e+20,1e+20,0.316234,0
S,1,-2,MONDOU2,19,87,1799,54,1e+20,1e+20,0.0235552,0
S,0,4,PANG,55216,547791,2077047,80703,0.000131143,3.50348e-05,60.0011,24596
S,1,-2,PILOT4I,20415,214647,586805,32915,1e+20,1e+20,38.9688,9147
S,0,4,QUAL,170367,1366669,1447636,22950,7.71431e-05,0.000388897,60.0001,5494
S,1,-2,REACTOR,85,474,17372,418,1e+20,1e+20,0.170725,0
S,1,-2,REFINERY,49,202,2446,193,1e+20,1e+20,0.0926013,0
S,0,4,VOL1,154959,1284455,1149433,96163,0.000151329,0.000590223,60,28407
S,1,-2,WOODINFE,37,60,444,60,1e+20,1e+20,0.00151821,0
