System,agree,opt_status,diverged,name,abs_err,rel_err,obj_val,PMM_iter,SSN_iter,Krylov_iter,fact,PMM_tol_achieved,SSN_tol_achieved,solving_time_sec,linesearch_fail
M,1,0,0,AUG2D,3.21338,1.90432e-06,1.68741e+06,50,143,0,39,8.02587e-07,7.21431e-08,0.616543,0
M,1,0,0,AUG2DC,2.03346,1.11829e-06,1.81837e+06,37,53,0,38,4.68646e-07,9.80685e-10,0.338323,0
M,1,0,0,AUG2DCQP,6.97194,1.07291e-06,6.49813e+06,51,203,1869,85,4.35448e-07,6.12509e-07,2.2235,0
M,1,0,0,AUG2DQP,6.57694,1.0545e-06,6.23701e+06,50,154,1672,95,4.26645e-07,1.3445e-08,1.94842,0
M,1,0,0,AUG3D,0.0003817,6.88905e-07,554.067,6,7,0,7,4.1355e-07,2.08896e-07,0.0112444,0
M,1,0,0,AUG3DC,0.000273084,3.54074e-07,771.262,7,8,0,8,2.08652e-07,3.09195e-10,0.0127404,0
M,1,0,0,AUG3DCQP,0.000370011,3.72484e-07,993.362,14,35,311,24,1.75079e-07,9.31438e-07,0.0518919,0
M,1,0,0,AUG3DQP,0.000656261,9.71897e-07,675.237,13,28,243,28,4.30994e-07,9.67429e-13,0.0621013,0
M,1,4,0,BOYD1,41950.3,0.00067952,-6.16933e+07,319,2579,2230,1173,0.000152517,3.39261e-05,60.0123,37
std::bad_alloc,0,-1,0,BOYD2,-1,-1,-1,-1,-1,-1,-1,-1,-1,-1,0
M,1,0,0,CONT-050,1.02568e-06,2.2474e-07,-4.56385,50,219,302,56,7.78728e-07,3.18985e-07,0.454595,0
M,1,0,0,CONT-100,2.24822e-05,4.84072e-06,-4.64438,66,340,412,73,9.33152e-07,3.53088e-07,4.06348,0
M,1,0,0,CONT-101,6.26084e-05,0.000320203,0.19559,89,494,4347,230,9.54244e-07,2.21175e-08,11.3619,0
M,1,0,0,CONT-200,0.000339895,7.25515e-05,-4.68454,79,417,501,87,9.00038e-07,1.92841e-08,29.0284,0
M,0,4,0,CONT-201,0.215354,1.11882,-0.0228711,34,232,6591,232,0.00129701,4.17205e-05,61.0626,0
M,0,4,0,CONT-300,0.192113,1.00314,-0.000600928,20,112,3212,112,0.00145065,0.000364022,65.9247,0
M,0,4,0,CVXQP1L,1.08579e+08,0.998846,125412,5,16,8000,32,0.795108,5.11532e-07,70.5826,0
M,0,4,0,CVXQP1M,32904.7,0.0302569,1.05461e+06,321,2447,39753,388,0.0108909,0.488476,60.0237,1
M,1,0,0,CVXQP1S,0.0156879,1.35349e-06,11590.7,225,1619,12287,121,9.49728e-07,3.37357e-05,0.219276,0
M,0,4,0,CVXQP2L,8.17473e+07,0.998838,95140.7,6,18,9000,36,0.824309,3.47712e-07,77.1592,0
M,1,0,0,CVXQP2M,0.0544688,6.64127e-08,820155,312,2375,69076,285,9.88701e-07,0.000651328,38.0148,0
M,1,0,0,CVXQP2S,0.00584255,7.19443e-07,8120.93,45,230,4634,54,6.17798e-07,4.01352e-06,0.0391539,0
M,0,4,0,CVXQP3L,1.15536e+08,0.99849,174749,5,13,6500,26,0.76,1.48206e-07,72.1459,0
M,0,4,0,CVXQP3M,265432,0.194766,1.0974e+06,234,1747,30983,302,0.0209358,0.0281194,60.2264,0
M,1,0,0,CVXQP3S,0.0120125,1.00579e-06,11943.4,862,6706,37390,793,9.98719e-07,1.33929e-05,1.03897,0
M,1,0,0,DPKLO1,2.85651e-07,7.7183e-07,0.370096,8,9,1,9,2.41351e-07,3.98926e-07,0.00106225,0
M,1,0,0,DTOC3,0.0186868,7.94295e-05,235.244,424,3326,6651,398,9.60376e-07,1.85975e-05,7.84877,0
M,1,0,0,DUAL1,9.18193e-08,2.62244e-06,0.0350129,12,23,312,16,6.32881e-07,3.57769e-07,0.00860363,0
M,1,0,0,DUAL2,1.28346e-08,3.80468e-07,0.0337337,13,33,195,15,8.76031e-07,9.44552e-07,0.00781579,0
M,1,0,0,DUAL3,1.32595e-07,9.76713e-07,0.135756,19,35,433,24,8.12406e-07,1.97969e-07,0.0218003,0
M,1,0,0,DUAL4,8.52379e-07,1.14246e-06,0.74609,23,58,624,27,6.49984e-07,1.35279e-06,0.0120494,0
M,0,0,0,DUALC1,149.925,0.0243573,6005.33,60,339,1652,75,7.34809e-07,8.67414e-06,0.0104278,0
M,1,0,0,DUALC2,0.000269019,7.5752e-08,3551.31,23,106,411,37,1.26296e-08,1.78198e-06,0.00315946,0
M,1,0,0,DUALC5,0.000529929,1.24038e-06,427.232,22,138,421,21,6.10691e-07,2.9287e-06,0.00551533,0
M,1,0,0,DUALC8,1.61314,8.81046e-05,18307.7,102,786,2392,37,9.57125e-07,6.55739e-06,0.0408317,0
M,0,4,0,EXDATA,38.0343,0.268143,-103.809,4,26,164,26,0.0157375,0.000559395,64.3818,0
M,1,0,0,GENHS28,5.40933e-08,5.83422e-08,0.927174,5,6,0,6,6.93998e-08,8.09476e-08,0.000110916,0
M,1,0,0,GOULDQP2,3.893e-06,0.021126,0.000188168,62,227,264,54,9.47997e-07,1.59577e-11,0.0425756,0
M,1,0,0,GOULDQP3,3.02123e-06,1.46464e-06,2.06279,13,32,488,25,9.46809e-07,3.40877e-06,0.0251459,0
M,1,0,0,HS118,1.39501e-06,2.09832e-09,664.82,21,77,203,38,7.15519e-07,7.49115e-06,0.00132737,0
M,1,0,0,HS21,1.15742e-09,1.15788e-11,-99.96,5,7,0,7,2.08922e-08,1.23138e-15,6.5291e-05,0
M,1,0,0,HS268,1.41625e-06,2.47117,-8.43138e-07,19,71,0,22,6.85287e-07,8.03149e-06,0.000449167,0
M,1,0,0,HS35,2.68183e-07,2.41365e-06,0.111111,5,7,2,7,9.02384e-08,1.39304e-07,9.0625e-05,0
M,1,0,0,HS35MOD,1.45151e-06,5.80606e-06,0.249999,7,21,22,16,5.21256e-07,1.79653e-06,0.000280042,0
M,1,0,0,HS51,4.48359e-06,5.04807e+09,-4.48359e-06,6,7,0,7,6.2266e-07,3.75577e-07,7.3958e-05,0
M,1,0,0,HS52,9.49313e-06,1.7822e-06,5.32664,10,12,0,11,6.75513e-07,2.8561e-07,0.00013675,0
M,1,0,0,HS53,2.35292e-06,5.74862e-07,4.09302,9,10,0,10,2.36136e-07,9.36569e-08,7.9167e-05,0
M,1,0,0,HS76,3.90992e-07,8.35128e-08,-4.68182,6,17,19,10,4.58537e-07,1.52689e-06,0.000166042,0

M,1,0,0,AUG2D,3.21338,1.90432e-06,1.68741e+06,50,143,209,39,8.02587e-07,7.21402e-08,0.689922,0
M,1,0,0,AUG2DC,2.03346,1.11829e-06,1.81837e+06,37,53,46,38,4.68646e-07,9.90962e-10,0.3678,0
M,1,0,0,AUG2DCQP,6.97194,1.07291e-06,6.49813e+06,51,203,1869,85,4.35448e-07,6.09762e-07,2.01809,0
M,1,0,0,AUG2DQP,6.57694,1.0545e-06,6.23701e+06,50,154,1723,95,4.26645e-07,1.47848e-08,1.97094,0
M,1,0,0,AUG3D,0.0003817,6.88905e-07,554.067,6,7,10,7,4.1355e-07,2.08896e-07,0.0122559,0
M,1,0,0,AUG3DC,0.000273084,3.54074e-07,771.262,7,8,6,8,2.08652e-07,3.09187e-10,0.0145022,0
M,1,0,0,AUG3DCQP,0.000370011,3.72484e-07,993.362,14,35,311,24,1.75079e-07,9.31438e-07,0.0487382,0
M,1,0,0,AUG3DQP,0.000656261,9.71897e-07,675.237,13,28,243,28,4.30994e-07,9.70599e-13,0.106821,0
M,1,4,0,BOYD1,41376.4,0.000670223,-6.16938e+07,319,2585,2895,1166,0.000132167,1.55678e-05,60.0833,36
std::bad_alloc,0,-1,0,BOYD2,-1,-1,-1,-1,-1,-1,-1,-1,-1,-1,0
M,1,0,0,CONT-050,1.02568e-06,2.2474e-07,-4.56385,50,219,508,56,7.78724e-07,3.191e-07,0.466979,0
M,1,0,0,CONT-100,2.24822e-05,4.84072e-06,-4.64438,66,340,925,73,9.33153e-07,3.53859e-07,4.72584,0
M,1,0,0,CONT-101,6.26084e-05,0.000320203,0.19559,89,494,5399,230,9.54248e-07,2.6845e-08,12.4649,0
M,1,0,0,CONT-200,0.000339895,7.25515e-05,-4.68454,79,416,1580,87,9.00035e-07,1.89386e-08,36.1254,0
M,0,4,0,CONT-201,0.215354,1.11882,-0.0228711,34,232,6590,232,0.00129701,4.17205e-05,60.2764,0
M,0,4,0,CONT-300,0.192113,1.00314,-0.000600928,20,112,3212,112,0.00145065,0.000364022,64.9073,0
M,0,4,0,CVXQP1L,1.08579e+08,0.998846,125412,5,16,8000,32,0.795108,5.11532e-07,69.8328,0
M,0,4,0,CVXQP1M,72386.6,0.0665617,1.01512e+06,127,899,62991,179,0.0394784,0.00295079,60.9562,1
M,1,0,0,CVXQP1S,0.0163715,1.41246e-06,11590.7,433,3241,38249,187,9.90692e-07,3.5011e-05,0.572696,0
M,0,4,0,CVXQP2L,8.17473e+07,0.998838,95140.7,6,18,9000,36,0.824309,3.47712e-07,77.4016,0
M,1,4,0,CVXQP2M,12.0608,1.47055e-05,820143,207,1529,128959,176,0.00021318,0.00470613,60.1707,0
M,1,0,0,CVXQP2S,0.00571127,7.03277e-07,8120.93,45,230,4930,55,6.03766e-07,3.27565e-06,0.0403594,0
M,0,4,0,CVXQP3L,1.15536e+08,0.99849,174749,5,13,6500,26,0.76,1.48206e-07,71.5186,0
M,0,4,0,CVXQP3M,294174,0.215856,1.06865e+06,102,711,48206,160,0.0455383,0.00191669,60.5458,3
M,1,0,0,CVXQP3S,0.0120138,1.00589e-06,11943.4,1087,8511,209575,1029,9.98771e-07,1.59798e-05,3.84074,0
M,1,0,0,DPKLO1,2.85651e-07,7.7183e-07,0.370096,8,9,13,9,2.41351e-07,3.98926e-07,0.00234075,0
M,1,0,0,DTOC3,0.0212827,9.04638e-05,235.241,414,3272,9756,377,9.50563e-07,2.48973e-06,8.80591,0
M,1,0,0,DUAL1,9.18193e-08,2.62244e-06,0.0350129,12,23,315,16,6.32881e-07,3.57766e-07,0.00967158,0
M,1,0,0,DUAL2,1.28346e-08,3.80468e-07,0.0337337,13,33,214,15,8.76055e-07,9.44578e-07,0.00717608,0
M,1,0,0,DUAL3,1.32595e-07,9.76716e-07,0.135756,19,35,447,24,8.12406e-07,1.97165e-07,0.0242218,0
M,1,0,0,DUAL4,8.52383e-07,1.14247e-06,0.74609,23,58,672,27,6.49134e-07,1.35103e-06,0.0126348,0
M,0,0,0,DUALC1,147.127,0.0239027,6008.12,60,344,1899,76,7.21e-07,0.000384989,0.0119768,0
M,1,0,0,DUALC2,0.000269024,7.57536e-08,3551.31,23,106,423,37,1.26284e-08,1.7714e-06,0.00321221,0
M,1,0,0,DUALC5,0.000529929,1.24038e-06,427.232,22,138,442,21,6.10691e-07,2.92878e-06,0.00490175,0
M,1,0,0,DUALC8,1.57503,8.60234e-05,18307.8,102,785,2797,36,9.34506e-07,1.00719e-05,0.0411613,0
M,0,4,0,EXDATA,38.0343,0.268143,-103.809,4,26,171,26,0.0157375,0.000559395,64.0361,0
M,1,0,0,GENHS28,5.40933e-08,5.83422e-08,0.927174,5,6,8,6,6.93997e-08,8.09477e-08,0.00011,0
M,1,0,0,GOULDQP2,3.893e-06,0.021126,0.000188168,62,227,376,54,9.47984e-07,1.20048e-11,0.0450781,0
M,1,0,0,GOULDQP3,3.0212e-06,1.46462e-06,2.06279,13,32,488,25,9.4681e-07,3.40875e-06,0.0253728,0
M,1,0,0,HS118,1.395e-06,2.09832e-09,664.82,21,77,225,38,7.15519e-07,7.49115e-06,0.000995667,0
M,1,0,0,HS21,1.15742e-09,1.15788e-11,-99.96,5,7,0,7,2.08922e-08,1.23138e-15,6.6917e-05,0
M,1,0,0,HS268,1.89149e-06,3.3004,-1.31838e-06,19,69,12,22,9.89127e-07,6.09271e-06,0.000416583,0
M,1,0,0,HS35,2.68184e-07,2.41366e-06,0.111111,5,7,9,7,9.02387e-08,1.39305e-07,9.525e-05,0
M,1,0,0,HS35MOD,1.45152e-06,5.80606e-06,0.249999,7,21,38,16,5.21256e-07,1.79652e-06,0.000279083,0
M,1,0,0,HS51,4.48359e-06,5.04807e+09,-4.48359e-06,6,7,7,7,6.2266e-07,3.75576e-07,7.675e-05,0
M,1,0,0,HS52,9.49313e-06,1.7822e-06,5.32664,10,12,14,11,6.75513e-07,2.8561e-07,8.8042e-05,0
M,1,0,0,HS53,2.35292e-06,5.74862e-07,4.09302,9,10,10,10,2.36136e-07,9.36577e-08,7.8833e-05,0
M,1,0,0,HS76,3.90992e-07,8.35128e-08,-4.68182,6,17,30,10,4.58537e-07,1.52689e-06,0.000175916,0









