System,agree,opt_status,diverged,name,abs_err,rel_err,obj_val,PMM_iter,SSN_iter,Krylov_iter,fact,smw_count,PMM_tol_achieved,SSN_tol_achieved,solving_time_sec,linesearch_fail,Krylov_fail
S,1,0,0,AUG2D,2.72912,1.61734e-06,1.68741e+06,35,126,17,3,0,6.79825e-07,2.88331e-10,0.330459,0,0
S,1,0,0,AUG2DC,3.10767,1.70904e-06,1.81836e+06,36,47,17,3,0,7.20479e-07,1.81173e-10,0.17862,0,0
S,1,0,0,AUG2DCQP,7.5563,1.16284e-06,6.49813e+06,20,39,501,24,0,4.72265e-07,7.04201e-09,0.504608,0,0
S,1,0,0,AUG2DQP,13.1829,2.11366e-06,6.237e+06,19,51,482,51,0,8.60081e-07,6.64575e-09,0.72316,0,0
S,1,0,0,AUG3D,0.000650171,1.17345e-06,554.067,7,8,0,1,0,6.52779e-07,6.43596e-14,0.00580279,0,0
S,1,0,0,AUG3DC,0.00122754,1.5916e-06,771.261,8,9,0,1,0,9.40057e-07,4.72622e-14,0.00620521,0,0
S,1,0,0,AUG3DCQP,0.00167518,1.68637e-06,993.36,29,39,430,13,0,7.48379e-07,2.05416e-13,0.0501217,0,0
S,1,0,0,AUG3DQP,0.00124358,1.84169e-06,675.236,26,39,415,22,0,8.16065e-07,2.33236e-13,0.0639156,0,0
S,0,4,0,BOYD1,2.10191e+06,0.0340472,-6.38371e+07,186,1789,2863,1743,0,0.988901,5.13324e+08,60.295,0,0
L,0,4,0,BOYD2,34.3567,1.61627,55.6134,10,56,11,44,0,4.08687e-05,7.18753e-06,60.267,0,1
S,1,0,0,CONT-050,1.67391e-07,3.66776e-08,-4.56385,10,33,112,28,0,2.70363e-07,1.13006e-08,0.156421,0,0
S,1,0,0,CONT-100,5.04992e-07,1.08731e-07,-4.6444,8,29,97,24,0,1.50286e-07,1.47089e-07,0.983285,0,0
S,1,0,0,CONT-101,5.32356e-09,2.72267e-08,0.195527,239,2153,3884,383,0,8.38476e-07,8.9595e-07,17.6358,0,0
S,1,0,0,CONT-200,6.00199e-05,1.28114e-05,-4.68482,14,60,95,30,0,8.16892e-07,9.2063e-07,7.85832,0,0
S,0,4,0,CONT-201,0.28565,1.48403,-0.093167,23,214,6916,214,0,0.66492,1.98436,63.7754,0,0
S,0,4,0,CONT-300,0.192937,1.00744,-0.00142485,11,100,3259,100,0,0.5025,1.01005,65.3089,0,0
L,0,4,0,CVXQP1L,6.56432e+07,0.603866,4.30616e+07,6,42,500,24,0,0.42333,0.158553,60.9573,0,1
S,0,4,0,CVXQP1M,27501.9,0.0252889,1.06001e+06,288,2755,37408,335,0,0.00832631,0.0402208,60.0539,0,0
S,1,0,0,CVXQP1S,0.000872335,7.52616e-08,11590.7,59,467,3015,71,0,8.54144e-07,0.000248074,0.0613866,0,0
L,0,4,0,CVXQP2L,4.78084e+07,0.584152,3.40341e+07,10,83,500,35,0,0.369187,0.0867817,64.7242,0,1
S,1,4,0,CVXQP2M,2.79326,3.40577e-06,820153,2893,28822,84871,175,0,4.92573e-05,9.45695e-05,60.0006,0,0
S,1,0,0,CVXQP2S,0.00234425,2.88668e-07,8120.94,43,288,4619,41,0,2.79851e-07,8.73088e-05,0.0375163,0,0
L,0,4,0,CVXQP3L,5.43643e+07,0.469828,6.13468e+07,6,42,500,24,0,0.360814,0.0590606,63.0535,0,1
S,0,4,0,CVXQP3M,249610,0.183156,1.11322e+06,269,2584,30017,350,0,0.013678,0.141888,60.1841,0,0
S,1,0,0,CVXQP3S,0.0119912,1.004e-06,11943.4,6331,61872,403889,2874,0,9.96969e-07,4.75362e-05,8.57077,0,0
S,1,0,0,DPKLO1,2.17063e-06,5.86505e-06,0.370094,4,10,0,2,0,7.8362e-07,7.32323e-07,0.00124321,0,0
S,1,0,0,DTOC3,0.0127157,5.40489e-05,235.275,422,4041,8696,422,0,7.8975e-07,2.04117e-05,8.98296,0,0
S,1,0,0,DUAL1,1.30701e-07,3.73294e-06,0.0350128,7,12,163,8,0,8.65392e-07,4.33668e-11,0.00636796,0,0
S,1,0,0,DUAL2,2.4734e-08,7.33214e-07,0.0337337,7,12,101,6,0,4.75588e-07,3.56402e-11,0.00426446,0,0
S,1,0,0,DUAL3,1.32332e-07,9.74778e-07,0.135756,18,23,284,11,0,8.10419e-07,3.90324e-10,0.0628532,0,0
S,1,0,0,DUAL4,1.3093e-06,1.75487e-06,0.74609,27,110,1077,6,0,9.95702e-07,7.26186e-10,0.0245015,0,0
S,0,0,0,DUALC1,109.854,0.0178472,6045.4,14,82,433,6,72,5.38438e-07,0.000319061,0.00375092,0,0
S,1,0,0,DUALC2,0.00355697,1.0016e-06,3551.31,8,29,154,1,28,2.26308e-08,3.2401e-07,0.00110233,0,0
S,1,0,0,DUALC5,0.00081431,1.90601e-06,427.232,15,19,98,1,18,9.4085e-07,6.04911e-10,0.00148388,0,0
S,1,0,0,DUALC8,1.5907,8.68791e-05,18307.8,47,402,1869,1,401,9.43832e-07,5.8795e-08,0.0226304,0,0
S,0,4,0,EXDATA,32.4005,0.228425,-109.443,5,36,201,32,4,0.410936,6.34884,79.5888,0,0
S,1,0,0,GENHS28,3.58174e-08,3.86307e-08,0.927174,4,7,0,2,0,1.57392e-07,1.6115e-07,7.7916e-05,0,0
S,1,0,0,GOULDQP2,3.22911e-06,0.0175233,0.000187504,21,89,226,77,0,4.1145e-07,8.26103e-10,0.0409339,0,0
S,1,0,0,GOULDQP3,2.93409e-06,1.42239e-06,2.06279,6,18,247,16,0,1.14222e-07,1.00065e-08,0.0139238,0,0
S,1,0,0,HS118,2.3851e-07,3.58758e-10,664.82,10,67,621,3,63,4.13358e-09,1.17211e-06,0.000929875,0,0
S,1,0,0,HS21,1.5838e-08,1.58443e-10,-99.96,3,5,0,1,4,1.70946e-07,1.23268e-14,3.9083e-05,0,0
S,1,0,0,HS268,1.49604e-06,2.61041,-9.22937e-07,18,137,66,1,136,7.39697e-07,1.22786e-07,0.000735667,0,0
S,1,0,0,HS35,4.28077e-07,3.85269e-06,0.111112,3,8,18,1,7,2.06315e-07,1.61973e-07,7.7292e-05,0,0
S,1,0,0,HS35MOD,4.73963e-06,1.89585e-05,0.249995,5,39,102,1,38,9.76898e-07,1.8161e-07,0.000304292,0,0
S,1,0,0,HS51,3.68834e-06,4.15271e+09,-3.68834e-06,8,9,0,1,0,5.3746e-07,5.26025e-13,5.4458e-05,0,0
S,1,0,0,HS52,3.26015e-06,6.12045e-07,5.32664,7,12,0,2,0,2.30911e-07,1.2477e-07,6.3166e-05,0,0
S,1,0,0,HS53,1.58612e-06,3.87518e-07,4.09302,6,9,0,2,0,1.55156e-07,1.73206e-09,4.6458e-05,0,0
S,1,0,0,HS76,1.57553e-06,3.36521e-07,-4.68182,3,9,25,1,8,5.86652e-07,3.97141e-12,0.000109792,0,0
S,1,4,0,HUES-MOD,226.127,6.49329e-06,3.48245e+07,5289,43828,20950,28075,0,0.0332534,0.00677375,60.0019,0,0
S,1,0,0,HUESTIS,2.26448e+06,6.5025e-06,3.48245e+11,5,16,16,10,0,1.20963e-07,1.35155e-08,0.0274803,0,0
S,1,0,0,KSIP,1.78331e-06,3.09711e-06,0.575796,18,117,248,19,41,9.21831e-07,3.01758e-08,0.201018,0,0
S,1,0,0,LASER,0.144037,5.97761e-08,2.4096e+06,12,44,30,15,10,9.50569e-07,3.7635e-09,0.0363613,0,0
S,0,0,0,LISWET1,11.1196,0.307831,25.0028,39,220,1032,46,67,8.40133e-07,2.97228e-10,0.866938,0,0
S,0,0,0,LISWET10,24.484,0.494768,25.0018,38,201,555,40,53,9.93043e-07,1.9838e-10,0.670051,0,0
S,0,0,0,LISWET11,24.5247,0.495209,24.9992,39,207,400,37,49,9.40269e-07,5.81108e-10,0.646125,0,0
S,0,0,0,LISWET12,1711.93,0.985608,24.9987,38,193,2748,33,75,9.23969e-07,5.46497e-11,1.24615,0,0
S,1,0,0,LISWET2,0.000673058,2.69244e-05,24.9974,39,210,333,49,50,8.28958e-07,3.65007e-09,0.6718,0,0
S,1,0,0,LISWET3,0.000569133,2.27642e-05,25.0007,38,195,584,37,46,9.73153e-07,1.81256e-10,0.671511,0,0
S,1,0,0,LISWET4,0.000576262,2.30504e-05,24.9995,38,197,283,37,46,9.73537e-07,5.54556e-11,0.595244,0,0
S,1,0,0,LISWET5,0.000575426,2.29855e-05,25.0337,38,195,481,36,49,9.7231e-07,5.60754e-10,0.628538,0,0
S,1,0,0,LISWET6,0.000613763,2.45547e-05,24.9951,38,199,729,36,51,9.76207e-07,6.47988e-10,0.724459,0,0
S,0,0,0,LISWET7,473.839,0.949879,25.0022,38,197,516,42,44,9.76977e-07,7.21964e-10,0.677022,0,0
S,0,0,0,LISWET8,7119.7,0.996501,25.0021,38,199,324,37,50,9.74913e-07,8.13748e-10,0.60712,0,0
S,0,0,0,LISWET9,1938.25,0.987265,25.0017,38,201,862,33,59,9.90335e-07,3.50161e-11,0.813894,0,0
S,1,0,0,LOTSCHD,0.00239407,9.98188e-07,2398.41,9,19,65,11,0,3.64349e-07,1.73991e-11,0.000212042,0,0
S,1,0,0,MOSARQP1,6.22387e-06,6.53168e-09,-952.875,20,35,478,7,13,9.2616e-07,1.23596e-11,0.0473271,0,0
S,1,0,0,MOSARQP2,0.000218945,1.37056e-07,-1597.48,11,23,247,13,4,5.47906e-07,6.21057e-10,0.0147067,0,0
S,0,0,0,POWELL20,7.41585e+09,0.142367,4.46737e+10,121,1125,4551,169,849,7.15839e-07,2.30719e-06,2.75982,0,0
S,1,0,0,PRIMAL1,2.01236e-08,5.74748e-07,-0.035013,2,11,45,3,8,6.33999e-07,3.09205e-07,0.00371475,0,0
S,1,0,0,PRIMAL2,6.4385e-09,1.90863e-07,-0.0337337,2,13,4,6,4,7.41508e-08,2.08012e-07,0.00568346,0,0
S,1,0,0,PRIMAL3,4.01614e-10,2.95835e-09,-0.135756,4,24,16,8,13,8.47705e-08,1.16609e-09,0.0189733,0,0
S,1,0,0,PRIMAL4,1.82338e-08,2.44392e-08,-0.746091,5,28,21,6,15,9.16543e-08,3.67879e-10,0.0147808,0,0
S,1,0,0,PRIMALC1,0.00190635,3.09711e-07,-6155.25,30,82,50,9,63,7.30698e-07,1.13937e-10,0.00494262,0,0
S,1,0,0,PRIMALC2,0.00142006,3.99868e-07,-3551.31,12,101,72,16,84,1.23719e-07,5.94443e-06,0.00300192,0,0
S,1,0,0,PRIMALC5,6.86687e-06,1.60729e-08,-427.232,16,133,455,11,110,3.24709e-07,9.51422e-06,0.00739708,0,0
S,1,0,0,PRIMALC8,0.000749441,4.0932e-08,-18309.4,33,78,175,32,20,7.48824e-07,6.58682e-11,0.0109773,0,0
S,1,4,0,Q25FV47,346.477,2.52085e-05,1.37441e+07,322,3150,132815,1095,2018,1.24476e-05,1.81424e-06,60.0361,0,2
S,1,0,0,QADLITTL,0.107501,2.23811e-07,480319,15,114,1900,19,95,9.88528e-08,0.000355875,0.0117608,0,0
S,1,0,0,QAFIRO,3.56544e-06,2.24132e-06,-1.59079,8,42,387,8,4,1.67523e-07,1.20267e-06,0.000927,0,0
S,1,0,0,QBANDM,0.00815566,4.98746e-07,16352.4,134,1312,15242,1230,0,9.99685e-07,2.18741e-06,1.68928,0,0
S,1,4,0,QBEACONF,1.38168,8.38846e-06,164713,36999,369513,2943879,19,369479,1.69713e-06,1.68686e-05,60.0013,0,0
S,1,0,0,QBORE3D,5.89948,0.00190294,3106.1,23,214,4883,70,141,3.68504e-07,0.000301273,0.112013,0,1
S,1,0,0,QBRANDY,0.0153198,5.39903e-07,28375.1,20,174,3076,49,103,6.83965e-07,5.68865e-06,0.0914179,0,0
S,0,4,0,QCAPRI,1.19332e+06,0.0178659,6.56e+07,8231,79689,2682678,1087,76635,4.08407e-05,0.0241658,60.0037,0,32
S,1,0,0,QE226,5.65931e-05,2.66128e-07,212.653,52,487,6707,159,327,1.63522e-07,1.50295e-06,0.316501,0,0
S,1,0,0,QETAMACR,0.58776,6.77452e-06,86759.8,2640,25993,496986,111,25559,9.93997e-07,6.67211e-06,32.3983,0,3
S,1,0,0,QFFFFF80,13.2808,1.52103e-05,873161,289,2815,81364,387,2230,9.66454e-07,0.00045178,5.79917,0,4
S,0,-2,1,QFORPLAN,1e+20,1.34109e+10,1e+20,163,1567,18669,67,1434,1e+20,1e+20,0.627557,0,0
S,1,4,0,QGFRDXPN,19934.5,1.97782e-07,1.00791e+11,1047,10401,2057703,781,9580,0.00104518,0.00385939,60.0602,0,0
S,1,0,0,QGROW15,1837.1,1.80651e-05,-1.01692e+08,111,1079,4117,997,0,5.80256e-07,4.83699e-05,1.41171,0,0
S,1,0,0,QGROW22,2620.76,1.75151e-05,-1.49626e+08,117,1126,4723,922,0,6.57264e-07,5.6967e-05,1.94169,0,0
S,1,0,0,QGROW7,864.391,2.01966e-05,-4.27978e+07,41,383,1310,262,0,8.99255e-07,4.79497e-05,0.178016,0,0
S,1,4,0,QISRAEL,174.284,6.8757e-06,2.5348e+07,44088,440838,6325925,40,440781,3.04561e-05,0.275593,60.0008,0,0
S,1,0,0,QPCBLEND,1.79195e-06,0.000228491,-0.00784433,16,53,716,11,39,4.01183e-07,9.23414e-11,0.00368346,0,0
S,1,0,0,QPCBOEI1,160.408,1.39437e-05,1.15038e+07,28,150,2543,28,94,9.38986e-07,2.80622e-05,0.0359631,0,0
S,1,4,0,QPCBOEI2,26.4957,3.24227e-06,8.17194e+06,39258,391757,22299008,105,390960,2.34736e-06,3.13277e-05,60.0011,0,0
S,1,0,0,QPCSTAIR,60.8036,9.80009e-06,6.20433e+06,32,186,3572,35,134,6.85458e-07,2.59182e-07,0.100314,0,0
S,1,4,0,QPILOTNO,1712.66,0.000362193,4.7303e+06,1053,10349,273318,6576,3658,4.11682e-06,0.00117336,60.0843,0,0
S,1,0,0,QPTEST,1.42669e-06,3.26334e-07,4.37188,5,9,16,1,8,9.48924e-08,1.56755e-07,7.425e-05,0,0
S,1,0,0,QRECIPE,5.98544e-07,2.24497e-09,-266.616,8,30,146,7,21,1.78312e-07,5.53859e-07,0.00187513,0,0
S,1,0,0,QSC205,1.40835e-06,0.000242236,-0.00581254,8,48,473,28,20,8.07308e-07,8.8811e-08,0.00756525,0,0
S,1,0,0,QSCAGR25,305.248,1.51309e-06,2.01738e+08,49,482,6390,164,314,3.89722e-07,0.000118692,0.274544,0,0
S,1,0,0,QSCAGR7,205.372,7.64433e-06,2.68657e+07,12,100,1151,14,82,7.7019e-07,0.00119792,0.0124736,0,0
S,1,0,0,QSCFXM1,1774.22,0.000105091,1.68845e+07,51,513,8095,204,307,8.6532e-07,0.000641853,0.470594,0,0
S,1,0,0,QSCFXM2,258.076,9.29127e-06,2.77764e+07,553,5442,544026,530,4807,2.29579e-07,3.01662e-05,27.1465,0,4
S,1,0,0,QSCFXM3,2782.13,9.02811e-05,3.08136e+07,239,2340,83872,632,1629,9.99088e-07,0.00525855,7.80426,0,2
S,1,0,0,QSCORPIO,5.2182e-05,2.77489e-08,1880.51,37,336,4669,52,241,7.68172e-07,0.000417715,0.125757,0,3
S,1,0,0,QSCRS8,1.36599e-05,1.51011e-08,904.56,191,1883,47348,1015,863,2.55784e-07,0.000887826,2.50561,0,0
S,1,0,0,QSCSD1,2.00816e-06,2.3171e-07,8.66667,10,55,2053,54,0,1.19527e-08,5.4781e-08,0.0425755,0,0
S,1,0,0,QSCSD6,1.01401e-07,1.99577e-09,50.8082,29,244,5770,205,0,3.53905e-07,3.18515e-06,0.330669,0,0
S,1,0,0,QSCSD8,1.74294e-05,1.85269e-08,940.764,33,310,11971,300,0,2.26156e-07,4.88653e-06,1.63492,0,0
S,1,0,0,QSCTAP1,0.000857312,6.05506e-07,1415.86,25,207,6054,105,102,2.44682e-07,1.37975e-07,0.137996,0,0
S,1,0,0,QSCTAP2,6.75563e-05,3.89367e-08,1735.03,10,78,3347,47,30,3.18467e-07,4.51094e-08,0.230724,0,0
S,1,0,0,QSCTAP3,0.000104713,7.27803e-08,1438.75,12,72,3371,45,27,4.64148e-07,4.49607e-09,0.305887,0,0
S,0,4,0,QSEBA,1.14729e+07,0.140804,7.00089e+07,1791,17844,354059,335,4296,0.000935908,79.2498,60.0535,0,1
S,1,4,0,QSHARE1B,5613.16,0.00779521,725691,56118,561093,3487017,1135,559941,2.16566e-05,0.000136621,60.0004,0,2
S,1,0,0,QSHARE2B,0.00151003,1.29022e-07,11703.7,33,257,3172,17,235,6.43175e-07,0.00238634,0.0210048,0,0
S,1,4,0,QSHELL,2.16404e+09,0.00137606,1.57047e+12,580,5721,224516,2640,3079,0.700397,1.91082,60.0176,0,0
S,1,0,0,QSHIP04L,6.16957,2.54939e-06,2.42001e+06,520,5040,147376,1548,3389,5.68938e-07,0.00685715,9.23924,0,0
S,1,0,0,QSHIP04S,0.240105,9.90125e-08,2.42499e+06,49,472,15299,125,301,2.0313e-07,0.00104292,0.617955,0,0
S,1,0,0,QSHIP08L,0.0217086,9.13645e-09,2.37604e+06,75,699,39703,295,335,5.00711e-07,0.00513115,10.8505,0,0
S,1,0,0,QSHIP08S,0.14331,6.00698e-08,2.38573e+06,134,1276,74155,513,750,5.06193e-07,0.00382911,9.85597,0,0
S,1,4,0,QSHIP12L,7481.19,0.00247814,3.02636e+06,232,2259,137585,1228,1031,0.214305,402.145,60.141,0,0
S,1,0,0,QSHIP12S,26.6726,8.72519e-06,3.05699e+06,702,6868,338787,601,6187,9.98993e-07,2.57774e-06,54.0152,0,0
S,1,0,0,QSIERRA,270.995,1.14101e-05,2.37507e+07,31,297,15520,162,123,3.90317e-07,7.58737e-05,0.906874,0,0
S,1,0,0,QSTAIR,6.34309,7.9433e-07,7.98546e+06,1576,15487,314945,146,9756,6.55144e-07,0.011547,13.4232,0,1
S,1,0,0,QSTANDAT,0.00290291,4.52742e-07,6411.84,40,238,4967,56,70,8.20669e-07,6.18522e-09,0.197474,0,0
S,1,0,0,S268,1.49604e-06,2.61041,-9.22937e-07,18,137,66,1,136,7.39697e-07,1.22786e-07,0.000706,0,0
S,0,4,0,STADAT1,1.36746e+07,0.479357,-1.48523e+07,3448,33602,114853,16039,16808,0.000680083,95.795,60.0062,0,0
S,0,4,0,STADAT2,17.0058,0.521224,-15.6209,4935,47908,344781,9478,38388,0.000725667,0.000690637,60.0104,0,0
S,0,4,0,STADAT3,33.3749,0.932796,-2.40451,2440,23682,183909,4598,19075,0.000749778,0.080664,60.0151,0,0
S,1,0,0,STCQP1,0.740563,4.7734e-06,155143,20,123,646,23,0,9.56609e-07,3.46072e-06,42.8808,0,0
S,1,0,0,STCQP2,0.00610568,2.73462e-07,22327.3,38,244,1513,39,0,3.1533e-07,1.22899e-05,17.0165,0,0
S,1,0,0,TAME,2.5e-11,inf,2.5e-11,3,4,2,2,0,2.48853e-08,1.98009e-15,4.325e-05,0,0
S,0,4,0,UBH1,12.0202,10.7708,13.1362,2380,23721,24932,216,0,0.000600425,0.00136283,60.001,0,0
S,0,0,0,VALUES,0.0852936,0.0610714,-1.31133,11,40,277,24,0,4.05569e-07,4.28772e-08,0.00679771,0,0
S,0,0,0,YAO,191.78,0.970036,5.92402,75,657,6599,60,527,8.69508e-07,4.10466e-07,0.762868,0,0
S,1,0,0,ZECEVIC2,3.03124e-07,7.34846e-08,-4.125,4,7,0,3,0,5.05207e-08,1.15665e-07,4.7042e-05,0,0
