System,agree,opt_status,diverged,name,abs_err,rel_err,obj_val,pmm_iter,ssn_iter,krylov_iter,fact,smw_count,pmm_tol_achieved,ssn_tol_achieved,solving_time_sec,linesearch_fail,krylov_fail
S,1,0,0,CONT-050,2.69879e-07,5.91341e-08,-4.56385,18,202,235,42,0,3.97669e-07,5.61044e-09,0.290522,0,0
S,1,0,0,CONT-100,2.29775e-05,4.94737e-06,-4.64437,20,272,334,77,0,9.24553e-07,7.45727e-08,3.62927,0,0
S,1,0,0,CONT-101,2.07089e-05,0.000105913,0.195548,59,928,4313,246,0,5.43548e-07,9.45636e-08,12.081,0,0
S,1,0,0,CONT-200,0.000372303,7.9469e-05,-4.6845,43,657,419,68,0,9.63539e-07,2.99659e-07,24.1469,0,0
S,1,0,0,CVXQP1S,0.0162497,1.40196e-06,11590.7,95,1582,6058,58,0,9.83441e-07,3.81072e-05,0.067123,221,0
S,1,0,0,CVXQP2S,0.00583594,7.18629e-07,8120.93,22,324,1241,26,0,6.14051e-07,1.00319e-05,0.0119717,0,0
S,1,0,0,CVXQP3S,0.0120295,1.00721e-06,11943.4,28276,465183,774596,28279,0,9.99969e-07,4.15965e-06,14.0925,952363,0
S,1,0,0,DTOC3,0.0252481,0.000107319,235.288,441,7122,14243,378,0,8.41599e-07,2.33481e-05,13.6656,0,0
S,1,0,0,DUAL1,2.71063e-09,7.74178e-08,0.035013,7,18,210,14,0,1.48816e-07,1.58688e-07,0.00828354,0,0
S,1,0,0,DUAL2,6.5632e-10,1.94559e-08,0.0337337,7,66,328,10,0,1.92339e-08,4.12575e-09,0.00985163,0,0
S,1,0,0,DUAL3,1.02605e-07,7.55803e-07,0.135756,8,36,212,17,0,5.98171e-07,6.48464e-07,0.0167651,0,0
S,0,0,0,DUALC1,156.567,0.0254363,5998.68,29,344,974,15,227,7.67374e-07,3.16454e-05,0.00796987,54,0
S,1,0,0,GENHS28,2.02699e-08,2.1862e-08,0.927174,7,9,0,8,0,5.0824e-07,8.33598e-07,9.1833e-05,0,0
S,1,0,0,KSIP,1.5261e-06,2.65041e-06,0.575796,27,364,1146,25,230,7.94338e-07,2.40077e-07,0.0443058,0,0
S,1,0,0,LASER,0.0442307,1.8356e-08,2.4096e+06,8,48,54,19,19,3.92546e-07,7.95862e-08,0.0402797,0,0
S,1,0,0,LOTSCHD,0.00055445,2.31173e-07,2398.42,7,87,300,12,0,2.88964e-07,1.46461e-05,0.0004845,0,0
S,1,0,0,PRIMAL1,6.5305e-09,1.86517e-07,-0.035013,3,10,7,7,3,4.2638e-07,1.46761e-05,0.00309267,0,0
S,1,0,0,PRIMAL2,1.62051e-08,4.80383e-07,-0.0337337,3,12,17,7,5,2.21175e-07,1.58187e-05,0.00518958,0,0
S,1,0,0,PRIMAL3,2.25389e-08,1.66026e-07,-0.135756,3,25,18,13,12,1.2248e-07,7.30687e-05,0.0183444,0,0
S,1,0,0,PRIMAL4,4.99692e-08,6.69747e-08,-0.746091,3,27,4,13,13,9.86071e-07,0.000220199,0.0144565,0,0
S,1,0,0,QADLITTL,6.28445,1.30839e-05,480313,20,211,1397,34,126,8.57861e-07,1.15351e-06,0.012356,44,0
S,1,0,0,QBANDM,0.00915666,5.5996e-07,16352.4,104,1612,2348,260,0,1.10091e-07,1.2808e-06,0.261035,74,0
S,1,0,0,QBEACONF,12.5277,7.60582e-05,164725,1454,23097,67983,25,23041,8.81769e-07,3.61123e-06,2.60014,81960,0
S,1,0,0,QBORE3D,8.77387,0.0028301,3108.97,1009,8385,12709,794,3225,9.79222e-07,2.4226e-05,0.491332,204504,0
S,1,0,0,QBRANDY,0.186263,6.56431e-06,28375.3,26,415,3444,76,245,6.59574e-07,3.95189e-06,0.106889,0,0
S,1,0,0,QETAMACR,0.593776,6.84387e-06,86759.8,14552,75505,305037,10067,35041,9.99562e-07,8.85439e-07,34.7434,73217770,2
S,1,0,0,QGROW15,270867,0.00266356,-1.01423e+08,79811,1342599,2605,80244,0,9.97596e-07,1.03225e-05,141.865,31122740,0
S,1,4,0,QGROW22,387926,0.00259259,-1.49241e+08,102953,1732179,4010,103533,0,1.27908e-06,1.25968e-06,300.002,128695806,0
S,1,4,0,QGROW7,127473,0.00297842,-4.26712e+07,363515,6326661,3150,111699,0,2.05187e-06,8.87082e-06,300,909880544,0
S,1,4,0,QISRAEL,157.089,6.19732e-06,2.5348e+07,121337,2425788,30189874,73,2425697,1.00442e-05,0.00356041,300,2620320,0
S,1,0,0,QPCBLEND,1.26311e-06,0.000161058,-0.0078438,16,59,717,16,42,4.00349e-07,1.37594e-10,0.00422029,0,0
S,1,0,0,QPCBOEI2,11.3641,1.39062e-06,8.17195e+06,7424,118225,295805,3398,108200,9.99669e-07,3.91365e-06,2.6657,1075126,0
S,1,0,0,QPCSTAIR,60.1732,9.69849e-06,6.20433e+06,64,884,4646,130,140,6.83164e-07,1.3516e-05,0.175134,0,0
S,1,4,0,QPILOTNO,1119.76,0.000236807,4.72971e+06,14719,134649,1819999,7081,102779,2.7845e-06,4.22229e-06,300.005,60786529,7
S,1,0,0,QSCAGR25,37.1746,1.84272e-07,2.01738e+08,17632,342497,3342634,1404,151180,9.94445e-07,7.72771e-07,91.4955,123281,0
S,1,0,0,QSCAGR7,69.9174,2.60246e-06,2.6866e+07,3530,70040,1196971,28,69984,9.20093e-07,2.86111e-07,8.70256,52665,0
S,1,0,0,QSCFXM1,1515.66,8.97762e-05,1.68812e+07,341,2999,25813,340,1853,9.96928e-07,2.06115e-06,1.1175,35840,0
S,1,0,0,QSCFXM2,1907.66,6.86796e-05,2.77743e+07,1238,14843,210594,522,13073,9.31003e-07,6.03495e-06,13.6157,359424,1
S,1,0,0,QSCFXM3,1697.8,5.50941e-05,3.08147e+07,1643,17965,261177,687,16611,9.61631e-07,1.31274e-06,27.21,738772,2
S,1,0,0,QSCRS8,0.00164128,1.81445e-06,904.562,47,534,8601,244,213,1.68994e-07,0.000404238,0.500288,298,0
S,1,0,0,QSCSD1,1.61457e-05,1.86297e-06,8.66668,10,83,1937,51,0,7.69163e-08,1.19389e-07,0.0423182,0,0
S,1,0,0,QSCSD6,2.55301e-06,5.0248e-08,50.8082,39,458,4366,149,0,4.44158e-07,3.99742e-06,0.230685,31,0
