agree,opt_status,diverged,name,abs_err,rel_err,obj_val,PMM_iter,SSN_iter,PMM_tol_achieved,SSN_tol_achieved,solving_time_sec
1,0,0,AUG2D,173.085,0.000102574,1.68724e+06,42,125,7.13476e-05,8.39838e-05,16.0066
1,0,0,AUG2DC,260.25,0.000143123,1.81811e+06,42,65,9.67428e-05,4.48203e-08,8.49284
1,0,0,AUG2DCQP,277.485,4.27022e-05,6.49786e+06,58,185,6.23389e-05,4.37773e-05,26.9282
1,0,0,AUG2DQP,222.047,3.56016e-05,6.23679e+06,58,187,5.23898e-05,6.50787e-07,30.915
1,0,0,AUG3D,0.0622021,0.000112264,554.006,8,6,9.24286e-05,0.000610706,0.143435
1,0,0,AUG3DC,0.00555832,7.20678e-06,771.268,11,7,4.75144e-05,0.000381677,0.171871
1,0,0,AUG3DCQP,0.00505737,5.09117e-06,993.357,19,25,8.24992e-05,0.00102916,1.97129
1,0,0,AUG3DQP,0.010373,1.5362e-05,675.248,16,18,3.74266e-05,0.000159303,2.98993
0,2,0,BOYD1,3.64693e+07,0.590737,-2.52659e+07,39,509,0.297522,0.000315443,12130.4
0,0,0,BOYD2,111.796,5.25933,133.053,38,448,8.25196e-05,1.6649,10171.1
1,0,0,CONT-050,0.0240116,0.00526125,-4.53984,55,216,8.66714e-05,9.16885e-05,11.5349
0,0,0,CONT-100,0.827913,0.178261,-3.81648,55,230,9.5639e-05,4.03531e-05,96.4999
0,0,0,CONT-101,0.106527,0.544818,0.302054,71,263,7.97562e-05,6.11059e-05,336.685
0,0,0,CONT-200,1.31321,0.280308,-3.37167,63,345,9.9967e-05,9.35614e-05,1538.48
0,2,0,CONT-201,0.25008,1.29923,-0.0575965,56,504,0.148561,1.05179e-06,8951.78
0,3,0,CVXQP1M,89428,0.0822318,998084,100,431,0.0671381,9.2146e-05,42.8827
1,0,0,CVXQP1S,0.0382545,3.30044e-06,11590.7,80,424,2.61551e-05,2.04609e-05,1.05951
0,3,0,CVXQP2M,10762.2,0.0131221,809393,100,451,0.0535308,5.68759e-05,39.3248
1,0,0,CVXQP2S,0.0418864,5.15783e-06,8120.9,46,189,8.87423e-05,9.96719e-05,0.43433
0,3,0,CVXQP3M,305387,0.224084,1.05744e+06,100,262,0.0673968,3.3049e-05,28.9054
1,3,0,CVXQP3S,1.97222,0.00016513,11941.5,100,337,0.000486705,5.52568e-05,0.915769
1,0,0,DPKLO1,1.8514e-06,5.00249e-06,0.370094,17,11,4.82073e-05,6.23525e-05,0.0375297
0,2,0,DTOC3,179.046,0.761046,56.2169,31,505,0.397241,0.887445,30.4987
1,0,0,DUAL1,4.33336e-07,1.23764e-05,0.0350125,18,19,2.49657e-05,1.19061e-10,0.13768
1,0,0,DUAL2,6.40708e-07,1.89931e-05,0.033733,20,13,6.04177e-05,0.000310554,0.113811
1,0,0,DUAL3,2.52738e-06,1.86171e-05,0.135753,15,10,5.50388e-05,6.21494e-05,0.129851
1,0,0,DUAL4,3.0424e-05,4.07779e-05,0.74606,20,13,8.71854e-05,3.48034e-09,0.0689902
0,2,0,DUALC1,2.80833e+06,456.25,-2.80218e+06,65,507,2.25441,0.317812,0.35838
0,2,0,DUALC2,57229.3,16.115,-53678,45,514,0.25679,7.26501,0.264372
1,2,0,DUALC5,0.306448,0.000717285,426.926,93,508,0.00081677,6.60102e-05,0.416603
0,3,0,DUALC8,16356.1,0.893319,1953.26,100,295,0.306482,0.133138,0.704993
1,0,0,GENHS28,1.29976e-07,1.40185e-07,0.927174,18,10,1.70052e-05,5.79067e-06,0.0030041
1,0,0,GOULDQP2,4.47444e-05,0.242813,0.00022902,23,20,9.43779e-05,6.54156e-05,0.334414
1,0,0,GOULDQP3,0.00301902,0.00146356,2.05976,13,19,5.60967e-05,0.00236582,0.677737
1,0,0,HS118,4.06126e-07,6.10881e-10,664.82,35,175,6.09578e-06,0.000400427,0.0207442
1,0,0,HS21,5.29677e-07,5.29889e-09,-99.96,17,7,5.73167e-05,5.0283e-15,0.0014068
0,0,0,HS268,2.15566,3.76135e+06,2.15566,4,10,9.95973e-05,0.0207197,0.002024
1,0,0,HS35,0.000395737,0.00356164,0.110715,12,8,8.31545e-05,7.73252e-05,0.0020175
1,0,0,HS35MOD,9.69516e-07,3.87806e-06,0.250001,31,96,3.85669e-05,0.000654205,0.0053477
1,0,0,HS51,0.00025155,2.83221e+11,0.00025155,13,8,7.60622e-05,0.000183128,0.0018839
1,0,0,HS52,0.000450775,8.46263e-05,5.3271,14,9,5.32923e-05,9.82349e-05,0.0017607
1,0,0,HS53,0.000364377,8.90239e-05,4.09339,15,10,7.03093e-05,0.000175694,0.0019991
1,0,0,HS76,1.53264e-06,3.2736e-07,-4.68182,27,56,5.47318e-05,0.000405502,0.0049993
1,0,0,HUES-MOD,226.227,6.49616e-06,3.48245e+07,9,18,5.16166e-05,0.00418625,1.42861
1,3,0,HUESTIS,1.67005e+09,0.0047956,3.46577e+11,100,215,498.51,7.07154e-05,4.8361
1,0,0,KSIP,2.81396e-05,4.88706e-05,0.57577,22,17,4.33064e-05,0.000180362,1.21203
1,0,0,LASER,0.0539756,2.24002e-08,2.4096e+06,22,74,2.77905e-05,7.54928e-06,2.25409
0,0,0,LISWET1,11.1232,0.307932,24.9992,32,22,9.97334e-05,0.000523685,16.3283
0,0,0,LISWET10,24.4856,0.494801,25.0001,29,24,6.436e-05,0.00466763,16.1097
0,0,0,LISWET11,24.5263,0.495242,24.9976,29,24,6.4683e-05,0.0131333,16.2935
0,0,0,LISWET12,1711.93,0.985609,24.9969,35,26,6.10243e-05,0.0644079,16.7189
1,0,0,LISWET2,0.00241128,9.64587e-05,24.9957,29,24,6.43226e-05,0.000400386,16.1731
1,0,0,LISWET3,0.00167096,6.6835e-05,24.9995,33,29,3.91442e-05,0.000142439,16.7787
1,0,0,LISWET4,0.00167725,6.70898e-05,24.9984,33,29,3.91196e-05,0.00097147,16.5565
1,0,0,LISWET5,0.00167599,6.69479e-05,25.0326,33,29,3.91117e-05,0.000139327,16.8385
1,0,0,LISWET6,0.00171651,6.86721e-05,24.994,33,29,3.91502e-05,0.0024661,16.6121
0,0,0,LISWET7,473.84,0.949883,25.0005,29,24,6.44048e-05,0.0047223,16.2478
0,0,0,LISWET8,7119.7,0.996501,25.0006,29,24,6.44548e-05,0.00752142,16.349
0,0,0,LISWET9,1938.25,0.987266,25.0001,35,26,6.02668e-05,0.0619748,16.7045
1,0,0,LOTSCHD,2.39609e-05,9.99032e-09,2398.42,26,40,5.92057e-05,0.00011351,0.0070581
1,0,0,MOSARQP1,0.000411169,4.31503e-07,-952.876,15,22,9.86525e-05,1.69995e-10,0.881808
1,0,0,MOSARQP2,0.000418769,2.62143e-07,-1597.48,17,21,9.60561e-05,0.0052559,0.346705
0,2,1,POWELL20,9.3546e+09,0.179587,4.2735e+10,27,520,7496.56,2.2301e+07,20.4263
1,0,0,PRIMAL1,7.69418e-07,2.19752e-05,-0.0350122,11,10,9.1074e-06,0.000206487,0.0713187
1,0,0,PRIMAL2,6.70498e-06,0.000198762,-0.033727,2,11,9.60757e-05,0.000503684,0.115879
1,0,0,PRIMAL3,1.09052e-06,8.03295e-06,-0.135757,3,22,1.31809e-05,0.000289719,0.345931
1,0,0,PRIMAL4,2.41986e-07,3.24338e-07,-0.746091,15,32,1.23444e-05,0.0014125,0.34769
0,2,0,PRIMALC1,724.291,0.11767,-6879.54,46,503,1.36296,0.0557041,0.245554
0,2,0,PRIMALC2,3348.78,0.942971,-6900.09,46,508,1.48497,0.017219,0.223283
0,2,0,PRIMALC5,3490.99,8.17119,-3918.23,41,505,1.41597,0.00644712,0.323817
0,2,0,PRIMALC8,4525.04,0.247143,-22834.5,61,520,5.12804,0.00261041,0.573326
0,2,0,Q25FV47,399517,0.0290675,1.33449e+07,19,505,411.132,4331.81,110.937
1,0,0,QADLITTL,0.000531553,1.10667e-09,480319,22,111,1.26624e-05,0.0177517,0.164253
1,0,0,QAFIRO,2.9921e-05,1.8809e-05,-1.59075,21,25,7.05085e-05,0.00109768,0.0120551
1,0,0,QBANDM,0.0453319,2.7722e-06,16352.4,55,195,8.07574e-05,4.437e-08,1.84726
1,0,0,QBEACONF,30.8118,0.000187064,164743,66,405,5.98776e-05,1.0828e-06,2.66073
1,0,0,QBORE3D,24.4472,0.00788568,3124.65,34,146,8.50786e-05,0.000519829,0.849917
1,3,0,QBRANDY,0.00391145,1.37848e-07,28375.1,100,325,0.000109527,8.47907e-05,1.81903
0,2,1,QCAPRI,1.28468e+07,0.192337,5.39465e+07,33,507,70182.1,1.04415,4.05477
1,0,0,QE226,1.51781e-05,7.13749e-08,212.653,33,260,9.92914e-05,0.00821425,2.07254
0,2,0,QETAMACR,6503.19,0.0749557,80257.2,89,514,0.05097,0.410023,12.8544
0,2,0,QFFFFF80,31766.7,0.0363818,841381,22,511,871.674,788.076,13.3447
0,2,1,QFORPLAN,8.2279e+08,0.110343,6.63384e+09,37,514,12104,23904.3,6.71654
1,2,0,QGFRDXPN,2.68679e+08,0.00266571,1.00522e+11,43,508,17.0702,0.300201,7.39149
0,3,0,QGROW15,5.80934e+06,0.0571259,-9.58843e+07,100,379,0.218861,9.08835e-05,5.8555
0,3,0,QGROW22,7.84889e+06,0.0524557,-1.4178e+08,100,391,0.23102,9.109e-05,9.17774
0,3,0,QGROW7,1.85568e+06,0.0433582,-4.0943e+07,100,332,0.0790971,3.85792e-05,2.42596
1,2,0,QISRAEL,196766,0.00776263,2.51511e+07,82,500,11.6747,0.817175,1.87585
1,0,0,QPCBLEND,2.22436e-07,2.83627e-05,-0.00784276,59,102,6.02554e-05,1.02433e-08,0.0981743
1,0,0,QPCBOEI1,28.3616,2.46539e-06,1.15039e+07,67,200,9.5644e-05,0.0169345,0.669727
1,2,0,QPCBOEI2,53515.8,0.00654871,8.11845e+06,92,508,2.45202,0.0333146,0.522332
1,0,0,QPCSTAIR,0.0237889,3.83421e-09,6.20439e+06,34,132,8.29111e-05,9.56659e-07,0.893551
1,2,1,QPILOTNO,3909.59,0.000826798,4.7325e+06,21,514,3071.6,37846.2,38.7187
1,0,0,QPTEST,4.40492e-06,1.00756e-06,4.37188,21,13,2.43785e-05,6.25201e-06,0.002119
1,0,0,QRECIPE,1.18604e-05,4.44851e-08,-266.616,41,83,4.57717e-05,2.36892e-06,0.137109
1,0,0,QSC205,1.04653e-07,1.80004e-05,-0.00581406,29,55,6.48729e-05,3.29928e-09,0.177191
1,2,0,QSCAGR25,92727.7,0.000459644,2.01645e+08,65,502,20.0466,0.176374,3.48353
1,0,0,QSCAGR7,0.808666,3.01e-08,2.68659e+07,80,476,3.23084e-05,0.0389622,0.843928
0,2,0,QSCFXM1,338556,0.0200534,1.65441e+07,23,508,2508.84,3062.07,4.9909
0,2,1,QSCFXM2,1.27972e+06,0.0460726,2.64964e+07,21,522,2876.43,1.75363e+06,10.7691
0,2,1,QSCFXM3,2.45877e+06,0.0797879,2.83576e+07,19,515,2685.9,583840,18.2034
1,0,0,QSCORPIO,0.272625,0.000144974,1880.24,47,166,9.26673e-05,1.93218e-05,1.04093
1,2,0,QSCRS8,5.89911,0.00652152,898.661,38,502,0.00692819,0.00884049,7.56567
1,0,0,QSCSD1,0.0013995,0.00016148,8.66807,30,70,4.58259e-05,2.2501e-09,0.717459
1,0,0,QSCSD6,0.0173674,0.000341823,50.7908,43,122,6.62772e-05,1.00118e-07,2.52277
1,0,0,QSCSD8,0.000971978,1.03318e-06,940.763,35,203,8.0093e-05,4.80417e-08,10.3078
1,0,0,QSCTAP1,0.0694446,4.90476e-05,1415.79,41,227,5.24771e-05,7.49168e-06,1.60607
1,0,0,QSCTAP2,0.000866269,4.99283e-07,1735.03,19,103,4.85906e-05,0.000716065,7.16329
1,0,0,QSCTAP3,0.000412577,2.8676e-07,1438.76,19,93,4.22086e-05,0.00450091,10.5425
0,2,0,QSEBA,7.74381e+07,0.950373,4.04368e+06,40,504,2012.23,0.0779585,9.30489
0,2,0,QSHARE1B,12423.8,0.0172534,732502,82,505,0.00051209,7.08808e-05,1.48869
0,2,0,QSHARE2B,430.432,0.0367774,11273.3,79,500,0.231724,0.266098,0.658412
0,3,0,QSHELL,5.5412e+11,0.352351,1.01852e+12,100,463,497.285,1.34196e-05,43.2884
1,2,0,QSHIP04L,3522.43,0.00145554,2.41649e+06,83,510,0.0457941,9.38354e-05,12.6712
1,2,0,QSHIP04S,2129.39,0.0008781,2.42286e+06,77,500,0.0229651,9.41304e-05,8.46457
1,2,0,QSHIP08L,459.822,0.000193524,2.37558e+06,77,515,0.0263346,0.000392389,103.763
1,2,0,QSHIP08S,505.119,0.000211725,2.38522e+06,55,506,0.0157216,9.56785e-05,30.2322
0,2,1,QSHIP12L,123109,0.0407798,2.89577e+06,25,519,43.2266,1.07734e+06,188.651
0,2,0,QSHIP12S,129908,0.0424959,2.92705e+06,32,504,0.845462,0.33252,37.7056
1,2,0,QSIERRA,8.87689,3.73757e-07,2.37504e+07,44,523,0.000155835,0.000852356,12.9007
1,2,0,QSTAIR,0.107153,1.34186e-08,7.98545e+06,64,522,0.000618609,0.0012748,5.90868
1,0,0,QSTANDAT,0.0601688,9.38402e-06,6411.78,27,110,3.93568e-05,0.000126731,2.51682
0,0,0,S268,2.15566,3.76135e+06,2.15566,4,10,9.95973e-05,0.0207197,0.0024723
0,2,1,STADAT1,1.14161e+07,0.400189,-1.71107e+07,17,510,1.28754,6.01501e+07,41.4503
0,2,0,STADAT2,22.7761,0.698081,-9.85061,20,507,0.0260119,1793.61,11.7461
0,2,0,STADAT3,26.1363,0.730482,-9.6432,17,510,0.00891027,195.568,24.1921
1,0,0,STCQP1,1.18448,7.63476e-06,155142,35,94,9.24323e-05,2.7886e-05,22.8389
1,0,0,STCQP2,0.100677,4.50914e-06,22327.2,40,112,7.95022e-05,4.40187e-05,37.2059
1,0,0,TAME,2.49998e-11,inf,2.49998e-11,18,9,4.04375e-05,2.73561e-11,0.0018834
0,2,0,UBH1,56.98,51.0573,58.096,66,529,0.00297436,0.00475115,58.3403
0,0,0,VALUES,0.0853119,0.0610845,-1.31131,21,47,2.97856e-05,7.62189e-12,0.300274
0,2,0,YAO,190.197,0.962028,7.50723,46,506,0.0372201,0.0231859,7.79509
1,0,0,ZECEVIC2,2.87033e-05,6.95838e-06,-4.12503,25,7,1.43518e-05,4.55272e-05,0.0022003
