agree,name,abs_agree,abs_err,rel_agree,rel_err,opt_status,obj_val,PMM_iter,SSN_iter,PMM_tol_achieved,SSN_tol_achieved,solving_time_sec
1,AUG2D,0,3.53069,1,2.09238e-06,0,1.68741e+06,75,969,8.83028e-07,1.54308e-07,157.284
1,AUG2DC,0,3.35516,1,1.84515e-06,0,1.81836e+06,76,973,7.78501e-07,6.94639e-07,158.641
0,AUG2DCQP,0,38100.4,0,0.00589786,2,6.46003e+06,86,1009,0.0048133,0.000287745,159.168
0,AUG2DQP,0,43002.8,0,0.00694265,2,6.19401e+06,85,1011,0.00565752,1.67976e-07,158.273
1,AUG3D,0,0.000194687,1,3.51378e-07,0,554.068,8,23,2.37482e-07,1.09915e-07,0.477141
1,AUG3DC,1,5.05572e-05,1,6.55512e-08,0,771.262,8,19,8.27194e-08,2.39575e-08,0.404413
1,AUG3DCQP,0,0.000712996,1,7.17761e-07,0,993.361,20,213,6.90226e-07,9.4406e-07,6.4165
1,AUG3DQP,0,0.000326665,1,4.83778e-07,0,675.237,19,141,4.70069e-07,1.80481e-08,4.76097
0,BOYD1,0,1.2347e+07,0,0.249998,2,-4.93882e+07,68,1004,21.3455,12258,722.817
0,BOYD2,0,-1,0,-1,-1,-1,-1,-1,-1,-1,-1
0,CONT-050,0,0.198962,0,0.0455823,2,-4.36489,84,1000,0.000190014,0.000811023,50.5611
0,CONT-100,0,0.809432,0,0.211066,2,-3.83497,94,1002,0.000147993,3.41024e-05,398.958
0,CONT-101,0,0.746872,0,0.792522,1,0.9424,100,986,0.00111912,1.00603e-07,356.22
0,CONT-200,0,2.49469,0,1.13903,2,-2.19018,87,1010,0.000282756,0.00639592,2753.31
0,CONT-201,0,0.303631,0,2.73177,2,-0.111148,82,1001,0.0125034,1.67084e-07,10513.6
0,CONT-300,0,0.242994,0,4.71999,2,-0.0514819,79,1010,0.0919025,0.166623,11431.3
0,DPKLO1,0,1055.77,0,0.99965,0,1056.14,14,69,3.56366e-07,6.14147e-09,0.256553
0,DTOC3,0,171.402,0,2.684,2,63.8606,71,1003,11.1442,14.7238,67.0624
1,DUAL1,1,1.0017e-07,1,2.86094e-06,0,0.0350129,17,60,7.489e-07,6.91165e-09,0.37388
1,DUAL2,1,2.90645e-08,1,8.61588e-07,0,0.0337336,16,71,7.49272e-07,7.74569e-09,0.575795
1,DUAL3,1,1.39931e-07,1,1.03075e-06,0,0.135756,33,119,9.29599e-07,2.11746e-09,1.42064
1,DUAL4,1,8.00319e-07,1,1.07268e-06,0,0.74609,41,229,9.24615e-07,7.63957e-09,1.11849
0,DUALC1,0,123502,0,1.05245,2,-117347,78,1001,0.0416328,79171.5,1.04585
1,DUALC2,0,0.112499,1,3.16771e-05,2,3551.42,84,1014,0.019542,18664.7,1.51268
0,DUALC5,0,13.0588,0,0.0315297,2,414.174,78,1008,0.00776047,6.92699e-05,1.25714
0,DUALC8,0,4313.43,0,0.308192,2,13995.9,79,1002,0.0582853,782.449,2.78352
0,CVXQP1M,0,127312,0,0.132589,2,960200,72,1014,0.285624,0.0038589,1363.56
0,CVXQP1S,0,290.85,0,0.0257392,2,11299.9,76,1012,0.0134763,1.36443e-05,5.21823
0,CVXQP2M,0,36657.1,0,0.0467864,2,783498,72,1002,0.119757,0.00260162,507.114
1,CVXQP2S,0,0.110762,1,1.36392e-05,2,8120.83,74,1000,5.41054e-05,2.87241e-06,3.59052
0,CVXQP3M,0,322175,0,0.309589,2,1.04065e+06,72,1013,0.122296,0.00346778,1737.66
0,CVXQP3S,0,58.8995,0,0.00495598,2,11884.5,74,1011,0.00448593,8.38107e-06,6.42669
1,GENHS28,1,1.29975e-08,1,1.40185e-08,0,0.927174,8,14,2.71716e-07,1.4547e-07,0.006535
1,GOULDQP2,1,4.16827e-06,0,0.0221195,0,0.000188444,86,302,8.97638e-07,1.90848e-09,1.82524
1,GOULDQP3,1,2.94344e-06,1,1.42692e-06,0,2.06279,21,194,6.36659e-07,1.33564e-07,2.09261
1,HS118,1,1.6032e-07,1,2.41148e-10,0,664.82,34,316,3.10194e-07,9.42483e-07,0.044021
1,HS21,1,7.12177e-09,1,7.12462e-11,0,-99.96,7,18,4.60329e-07,5.15248e-07,0.0031502
0,HS268,0,0.0137929,0,1.00004,0,-0.0137924,5,28,6.42529e-07,7.85238e-07,0.0040092
1,HS35,1,8.58906e-07,1,7.73022e-06,0,0.11111,9,11,5.47117e-08,4.97549e-07,0.0020996
1,HS35MOD,1,2.34443e-07,1,9.37769e-07,0,0.25,10,20,3.95364e-07,5.77653e-06,0.0031524
1,HS51,1,1.57545e-06,0,1,0,1.57545e-06,10,23,2.97845e-07,6.25218e-09,0.0045884
1,HS52,1,4.06642e-06,1,7.63412e-07,0,5.32664,15,45,2.85533e-07,7.18131e-09,0.0078909
1,HS53,1,2.4653e-06,1,6.02318e-07,0,4.09302,12,32,2.47649e-07,5.4025e-09,0.0058348
1,HS76,1,4.25938e-07,1,9.0977e-08,0,-4.68182,11,28,3.67302e-07,1.24246e-06,0.0051268
1,HUES-MOD,0,226.129,1,6.4934e-06,2,3.48245e+07,70,1000,0.0026466,0.0950015,86.5354
0,HUESTIS,0,2.69025e+09,0,0.00778527,2,3.45557e+11,68,1001,270.67,3.2715e-05,53.1919
1,KSIP,1,1.29415e-06,1,2.24759e-06,1,0.575797,100,132,3.35159e-06,6.63296e-06,4.0598
1,LASER,0,71.9881,1,2.98764e-05,1,2.40953e+06,100,314,784.981,0.000206366,4.96099
0,LISWET1,0,11.1198,0,0.444744,1,25.0026,100,178,0.000353372,1.3435e-07,11.3412
0,LISWET10,0,24.4839,0,0.979279,1,25.0019,100,176,0.000120266,2.66119e-06,11.0142
0,LISWET11,0,24.5246,0,0.981012,1,24.9993,100,165,3.05613e-06,9.79021e-08,9.81514
0,LISWET12,0,1711.93,0,68.4807,1,24.9987,100,165,4.04891e-06,1.04717e-08,9.66127
1,LISWET2,0,0.000611622,1,2.44673e-05,1,24.9975,100,175,0.000118516,2.65719e-06,10.8796
1,LISWET3,0,0.000474081,1,1.89627e-05,1,25.0007,100,168,0.000118172,2.61865e-06,9.68802
1,LISWET4,0,0.00048146,1,1.92587e-05,1,24.9996,100,171,0.000118333,2.63038e-06,10.1733
1,LISWET5,0,0.00048037,1,1.91889e-05,1,25.0338,100,177,6.49438e-05,7.3049e-07,11.2322
1,LISWET6,0,0.000518666,1,2.07506e-05,1,24.9952,100,173,0.000118542,1.11786e-05,11.0149
0,LISWET7,0,473.839,0,18.9518,1,25.0023,100,189,0.000118491,2.66286e-06,11.8407
0,LISWET8,0,7119.7,0,284.762,1,25.0022,100,177,0.000118448,2.65873e-06,11.403
0,LISWET9,0,1938.25,0,77.5244,1,25.0018,100,161,0.000109637,2.46699e-06,9.25492
1,LOTSCHD,1,5.58687e-05,1,2.3294e-08,0,2398.42,23,227,4.54714e-07,2.5398e-08,0.0350418
1,MOSARQP1,1,3.24697e-06,1,3.40754e-09,0,-952.875,45,154,8.97328e-07,2.69683e-06,2.86754
1,MOSARQP2,1,1.70502e-05,1,1.06732e-08,0,-1597.48,27,56,5.78175e-07,6.58789e-08,0.373254
0,POWELL20,0,7.50951e+09,0,0.16845,2,4.45801e+10,85,1012,7500.81,8.02672e+07,52.7253
1,PRIMAL1,1,3.94074e-10,1,1.12551e-08,0,-0.035013,8,13,2.01414e-07,1.11059e-06,0.078492
1,PRIMAL2,1,8.92249e-09,1,2.64498e-07,0,-0.0337337,8,14,5.14282e-08,1.02738e-06,0.133104
1,PRIMAL3,1,9.27615e-10,1,6.83296e-09,0,-0.135756,6,22,3.67773e-07,9.62686e-06,0.361194
1,PRIMAL4,1,2.64487e-08,1,3.54497e-08,0,-0.746091,8,24,6.76871e-07,1.72526e-06,0.300642
0,PRIMALC1,0,1448.49,0,0.307748,2,-4706.76,89,1000,1.71142,2.04491,0.588318
0,PRIMALC2,0,4858.87,0,3.71598,2,1307.56,90,1001,5.71155,0.0024548,0.605975
0,PRIMALC5,0,465.557,0,12.1478,2,38.3242,89,1007,0.904993,1.15684e-06,1.04844
0,PRIMALC8,0,279.933,0,0.0155264,2,-18029.5,96,1006,1.24181,12.9463,1.21939
1,QADLITTL,0,41.915,1,8.72726e-05,2,480277,91,1004,1.06754,2.34169,1.5606
1,QAFIRO,1,4.05707e-07,1,2.55036e-07,0,-1.59078,21,60,8.69601e-08,3.95778e-07,0.024109
1,QBANDM,0,0.0520839,1,3.18509e-06,2,16352.4,90,1004,0.000108547,2.44358e-07,11.333
0,QBEACONF,0,2382.78,0,0.01426,2,167095,83,1009,0.00146858,1.65364e-06,8.11514
0,QBORE3D,0,5.33383,0,0.00171752,1,3105.53,100,874,1.52636e-05,0.0089222,5.60384
1,QBRANDY,0,0.000693584,1,2.44434e-08,2,28375.1,91,1006,0.28934,6.84577,7.49265
0,QCAPRI,0,6.5346e+06,0,0.108442,2,6.02587e+07,77,1009,2.20833e+06,144212,12.8248
1,QE226,1,4.09371e-06,1,1.92506e-08,0,212.653,52,432,3.09349e-07,0.0029022,4.08495
0,QETAMACR,0,7023.36,0,0.0880815,2,79737,98,1013,107.598,52.5609,29.7392
0,QFFFFF80,0,10696.4,0,0.0121021,2,883844,74,1005,465543,4.55484e+06,33.9755
0,QFORPLAN,0,8.23296e+08,0,0.124115,2,6.63334e+09,84,1005,503061,23678.5,15.9237
1,QGFRDXPN,0,5517.47,1,5.47419e-08,2,1.00791e+11,76,1010,291.99,139466,13.9694
0,QGROW15,0,9.71605e+07,0,21.4335,2,-4.53311e+06,85,1010,0.445472,1.2657e-07,15.5523
0,QGROW22,0,1.40263e+08,0,14.9754,2,-9.36622e+06,92,1004,0.44728,1.21462e-06,23.7533
0,QGROW7,0,4.05217e+07,0,17.7959,2,-2.27703e+06,88,1005,0.438829,7.36536e-08,7.80942
0,QISRAEL,0,-1,0,-1,-1,-1,-1,-1,-1,-1,-1
1,QPCBLEND,1,8.92803e-09,1,1.13841e-06,0,-0.00784253,97,308,8.75625e-07,2.90158e-08,0.377769
0,QPCBOEI1,0,58071.2,0,0.00507356,1,1.14458e+07,100,978,1792.39,0.0125022,2.56565
0,QPCBOEI2,0,53785.5,0,0.00662532,1,8.11818e+06,100,945,28439.7,0.673572,1.33265
0,QPCSTAIR,0,2031.84,0,0.000327592,1,6.20236e+06,100,418,11282.4,3.87581e-05,2.22307
0,QPILOTNO,0,2660.85,0,0.0005624,2,4.73125e+06,70,1008,6.41403e+06,3.01953e+09,71.0527
1,QPTEST,1,1.86963e-06,1,4.2765e-07,0,4.37188,9,11,6.09405e-07,2.00409e-06,0.0044664
1,QRECIPE,1,1.56672e-06,1,5.87632e-09,0,-266.616,66,611,8.83559e-07,4.28187e-09,0.895497
1,QSC205,1,3.79683e-08,1,6.53051e-06,0,-0.00581399,53,112,6.87603e-07,2.10376e-06,0.302162
1,QSCAGR25,0,1558.72,1,7.72654e-06,2,2.01736e+08,83,1010,19.949,220.766,7.6921
1,QSCAGR7,0,1878.23,1,6.99159e-05,2,2.68641e+07,90,1005,21.4118,10.905,2.02167
0,QSCFXM1,0,3259.1,0,0.000193081,2,1.68794e+07,72,1002,35924,3.37334e+06,16.2929
0,QSCFXM2,0,-1,0,-1,-1,-1,-1,-1,-1,-1,-1
0,QSCFXM3,0,-1,0,-1,-1,-1,-1,-1,-1,-1,-1
1,QSCORPIO,1,1.2999e-06,1,6.91249e-10,1,1880.51,100,962,0.00416315,4.8837,7.55588
0,QSCRS8,0,1700.85,0,0.652815,2,2605.41,81,1003,12210.1,4.05699e+07,22.4935
1,QSCSD1,1,3.00906e-05,1,3.472e-06,0,8.66664,47,279,3.13734e-07,4.80992e-09,3.21988
0,QSCSD6,0,0.0138327,0,0.000272328,2,50.7944,97,1002,3.76638e-05,4.43336e-07,23.8169
1,QSCSD8,1,7.40274e-07,1,7.86886e-10,0,940.764,70,799,4.31503e-07,1.71006e-07,39.9799
1,QSCTAP1,0,0.000293532,1,2.07317e-07,0,1415.86,50,318,1.79787e-07,0.000750354,2.15573
1,QSCTAP2,1,1.80301e-05,1,1.03918e-08,0,1735.03,31,158,7.19721e-07,0.000275635,4.97793
1,QSCTAP3,1,1.89662e-05,1,1.31824e-08,0,1438.75,44,183,6.38829e-08,1.54679e-05,7.18285
0,QSEBA,0,1.30966e+07,0,0.191513,2,6.83852e+07,91,1013,11268.2,2138.38,107.914
0,QSHARE1B,0,10675.1,0,0.0146084,2,730753,80,1011,0.000238521,0.0144804,3.50941
0,QSHARE2B,0,9.82689,0,0.000840346,2,11693.9,82,1001,4781.07,1.67013e+08,2.19418
0,QSHIP04L,0,7.76746e+07,0,0.969786,2,8.00946e+07,84,1011,6.81118e+06,9.17328e+10,50.7421
1,QSHIP04S,0,0.227715,1,9.39034e-08,2,2.42499e+06,85,1010,0.0797966,5755.27,29.7105
0,QSIERRA,0,3.07786e+09,0,0.992343,2,3.10161e+09,78,1008,7.4158e+07,2.17519e+19,37.8542
0,QSTAIR,0,1673.68,0,0.000209635,2,7.98378e+06,88,1004,20674.4,2318.44,17.345
1,QSTANDAT,1,1.38645e-05,1,2.16232e-09,2,6411.84,99,1005,0.00336186,0.836617,16.1649
0,S268,0,0.0137929,0,1.00004,0,-0.0137924,5,28,6.42529e-07,7.85238e-07,0.0061299
0,STADAT1,0,5589.39,0,0.000195896,2,-2.85325e+07,67,1005,1.00031,227.91,21.3416
0,STADAT2,0,22.9862,0,2.38436,2,-9.64043,67,1005,0.0384613,65448.2,43.8878
0,STADAT3,0,17.4755,0,0.954739,2,-18.304,71,1013,0.0132181,83855,82.5388
1,TAME,1,2.49993e-11,0,1,0,2.49993e-11,5,9,9.52704e-07,1.52896e-06,0.0031976
0,UBH1,0,76.297,0,0.985584,2,77.413,96,1011,0.00303288,2.73416e-06,101.43
0,VALUES,0,-1,0,-1,-1,-1,-1,-1,-1,-1,-1
0,YAO,0,192.486,0,36.8872,2,5.21823,87,1001,14.677,38.7199,14.1505
1,ZECEVIC2,1,1.10775e-06,1,2.68545e-07,0,-4.125,8,10,5.53875e-07,6.74589e-07,0.0028014
