System,agree,opt_status,diverged,name,abs_err,rel_err,obj_val,PMM_iter,SSN_iter,PMM_tol_achieved,SSN_tol_achieved,solving_time_sec
S,1,0,0,AUG2D,356.874,0.000211492,1.68705e+06,92,118,9.04525e-05,8.07924e-07,16.5291
S,1,0,0,AUG2DC,387.05,0.000212856,1.81798e+06,92,93,9.07357e-05,4.71569e-11,13.3729
S,1,0,0,AUG2DCQP,764.403,0.000117634,6.49737e+06,56,84,9.63978e-05,4.21973e-08,21.5363
S,1,0,0,AUG2DQP,726.927,0.00011655,6.23629e+06,58,85,9.54305e-05,4.84992e-08,21.1127
S,1,0,0,AUG3D,0.0248262,4.48071e-05,554.093,5,6,2.45152e-05,5.77316e-14,0.148725
S,1,0,0,AUG3DC,0.110409,0.000143153,771.152,4,5,8.36352e-05,5.0604e-14,0.125315
S,1,0,0,AUG3DCQP,0.0924555,9.30734e-05,993.27,19,26,8.99534e-05,3.35846e-11,0.677179
S,1,0,0,AUG3DQP,0.059512,8.81348e-05,675.178,17,27,8.52502e-05,5.94442e-11,0.753775
S,1,1,0,BOYD1,25078.2,0.000406221,-6.17101e+07,500,2346,0.000105913,2.36053e-05,1343.71
std::bad_alloc,0,-1,0,BOYD2,-1,-1,-1,-1,-1,-1,-1,-1
S,1,0,0,CONT-050,0.023546,0.00515923,-4.5403,53,102,8.81352e-05,1.22701e-05,6.41016
S,0,0,0,CONT-100,0.591663,0.127393,-4.05274,49,91,9.94768e-05,2.56733e-06,41.1461
S,0,0,0,CONT-101,0.080144,0.409886,0.275671,83,283,7.38322e-05,2.41854e-06,137.566
S,0,0,0,CONT-200,1.12489,0.240111,-3.55999,48,124,9.53462e-05,2.2541e-06,364.274
S,0,0,0,CONT-201,0.301187,1.56474,0.49367,79,550,9.92072e-05,5.78644e-08,1743.33
S,0,0,0,CONT-300,0.217351,1.13492,-0.025839,73,732,9.20305e-05,1.24252e-06,7756.97
S,0,2,0,CVXQP1M,46768.2,0.0430047,1.04074e+06,445,6004,0.0190542,0.00698711,7393.07
S,1,0,0,CVXQP1S,1.63639,0.000141181,11589.1,304,3303,9.97044e-05,1.27958e-05,14.6988
S,1,2,0,CVXQP2M,48.2411,5.88195e-05,820107,234,6019,0.000993759,0.000879766,2303.02
S,1,0,0,CVXQP2S,0.212478,2.61642e-05,8120.73,111,186,9.28857e-05,1.89935e-06,1.25581
S,0,2,0,CVXQP3M,266430,0.195498,1.0964e+06,448,6010,0.0242981,0.00948528,10334.8
S,1,2,0,CVXQP3S,1.75886,0.000147266,11941.7,437,6014,0.000215367,2.50629e-05,34.2736
S,1,0,0,DPKLO1,2.78437e-05,7.52337e-05,0.370068,7,8,5.02237e-05,2.91534e-14,0.0340191
S,0,2,0,DTOC3,7.85185,0.0333748,227.411,238,6008,0.00143773,0.00140614,468.214
S,1,0,0,DUAL1,1.44537e-05,0.00041281,0.0349985,8,10,9.86102e-05,7.77106e-10,0.0961571
S,1,0,0,DUAL2,5.64281e-06,0.000167275,0.033728,7,8,8.30111e-05,1.12217e-12,0.0858678
S,1,0,0,DUAL3,1.9281e-05,0.000142027,0.135737,19,20,9.45333e-05,2.16734e-06,0.299207
S,1,0,0,DUAL4,0.000178991,0.000239905,0.745912,37,51,9.62254e-05,9.43916e-07,0.350564
S,0,3,1,DUALC1,3.5807e+06,581.73,-3.57454e+06,452,1442,3.78382,16.3901,1.86229
S,0,2,0,DUALC2,60849.9,17.1345,-57298.6,273,6001,0.267218,0.0721239,2.32771
S,1,1,0,DUALC5,0.312902,0.000732393,426.919,500,1906,0.000854002,0.00015345,2.45742
S,0,3,0,DUALC8,18484.5,1.00957,-175.137,390,1464,0.44722,0.610786,8.69823
S,1,0,0,GENHS28,8.2727e-05,8.92249e-05,0.927256,4,5,4.4991e-05,7.28153e-14,0.0068187
S,1,0,0,GOULDQP2,4.55378e-05,0.247118,0.000229813,24,36,9.6298e-05,1.24688e-13,0.375036
S,1,0,0,GOULDQP3,5.66449e-05,2.74604e-05,2.06273,17,23,7.00913e-05,1.22834e-07,0.330983
S,1,0,0,HS118,8.05053e-05,1.21093e-07,664.82,31,654,6.56522e-05,0.00204063,0.0590294
S,1,0,0,HS21,9.75155e-07,9.75546e-09,-99.96,6,46,5.12637e-05,1.88877e-15,0.0050364
S,1,0,0,HS268,0.000113275,197.65,-0.000112702,17,36,9.20094e-05,9.75776e-06,0.0067595
S,1,0,0,HS35,8.93398e-05,0.000804058,0.111022,4,19,2.83692e-05,2.95928e-05,0.0045309
S,1,0,0,HS35MOD,7.52173e-06,3.00869e-05,0.250008,5,8,2.88213e-05,1.85299e-13,0.0046199
S,1,0,0,HS51,0.000261956,2.94937e+11,0.000261956,6,7,5.22028e-05,1.38098e-13,0.0046263
S,1,0,0,HS52,0.00112855,0.000211869,5.32552,12,13,8.00379e-05,7.43957e-13,0.0058545
S,1,0,0,HS53,0.000780749,0.000190751,4.09224,9,10,8.0114e-05,1.91977e-13,0.0050787
S,1,0,0,HS76,0.000129323,2.76224e-05,-4.68195,5,53,4.16224e-05,6.34877e-07,0.0072756
S,1,0,0,HUES-MOD,227.158,6.5229e-06,3.48245e+07,9,20,3.72639e-05,3.07863e-09,0.488421
S,1,0,0,HUESTIS,2.28701e+06,6.56721e-06,3.48245e+11,192,329,9.33129e-05,1.20046e-05,8.27021
S,1,0,0,KSIP,5.80203e-05,0.000100765,0.57574,23,428,9.3517e-05,1.49216e-05,65.0137
S,1,0,0,LASER,0.111794,4.63954e-08,2.4096e+06,64,1283,6.39775e-05,5.42196e-05,9.45485
S,0,0,0,LISWET1,11.1223,0.307905,25.0001,50,882,9.62181e-05,2.19958e-05,34.1943
S,0,0,0,LISWET10,24.486,0.494809,24.9998,47,644,9.82265e-05,1.51402e-05,28.8029
S,0,0,0,LISWET11,24.5267,0.495249,24.9973,47,649,9.80597e-05,1.59893e-05,28.7644
S,0,0,0,LISWET12,1711.93,0.985609,24.9968,47,651,9.83698e-05,1.58964e-05,30.8898
S,1,0,0,LISWET2,0.00278443,0.000111386,24.9953,47,642,9.8341e-05,1.51754e-05,29.151
S,1,0,0,LISWET3,0.00264365,0.000105741,24.9986,47,645,9.83343e-05,1.51754e-05,29.4278
S,1,0,0,LISWET4,0.00264706,0.000105882,24.9975,47,651,9.82306e-05,1.51035e-05,29.0114
S,1,0,0,LISWET5,0.0026225,0.000104756,25.0316,47,630,9.73061e-05,1.56529e-05,28.4238
S,1,0,0,LISWET6,0.00269111,0.000107663,24.9931,47,639,9.83632e-05,1.51988e-05,30.6492
S,0,0,0,LISWET7,473.841,0.949883,25.0002,47,644,9.82782e-05,1.51321e-05,28.9624
S,0,0,0,LISWET8,7119.7,0.996501,25.0002,47,650,9.73072e-05,1.56343e-05,29.0394
S,0,0,0,LISWET9,1938.25,0.987266,24.9999,47,650,9.72793e-05,1.48726e-05,31.7077
S,1,0,0,LOTSCHD,0.00799449,3.33324e-06,2398.41,21,30,7.67259e-05,9.08206e-12,0.00855
S,1,0,0,MOSARQP1,0.000367538,3.85715e-07,-952.876,33,194,9.48594e-05,1.58338e-05,9.57171
S,1,0,0,MOSARQP2,0.00781294,4.89078e-06,-1597.49,24,46,8.83524e-05,4.14179e-06,0.738992
S,0,2,1,POWELL20,9.69809e+09,0.186181,4.23915e+10,168,6022,7.51522,1.30499,131.296
S,1,0,0,PRIMAL1,3.17456e-05,0.00090668,-0.0350447,4,92,7.41779e-05,0.00405848,0.201383
S,1,0,0,PRIMAL2,2.79316e-06,8.28005e-05,-0.0337365,4,115,1.10638e-05,0.00162507,0.286219
S,1,0,0,PRIMAL3,9.30805e-06,6.85646e-05,-0.135765,2,100,2.48814e-05,0.00183385,0.732466
S,1,0,0,PRIMAL4,7.34767e-07,9.84822e-07,-0.746092,3,90,2.13381e-05,2.68946e-05,0.446062
S,1,0,0,PRIMALC1,7.29447,0.00118508,-6162.55,98,1164,9.82179e-05,1.1885e-05,0.498235
S,1,0,0,PRIMALC2,4.4185,0.00124419,-3546.89,92,730,5.63355e-05,1.32318e-05,0.302819
S,1,0,0,PRIMALC5,3.52926,0.00826075,-430.762,76,971,6.94085e-05,1.87915e-05,0.564638
S,1,0,0,PRIMALC8,8.49539,0.00046399,-18317.9,180,5391,4.74967e-05,0.000410846,6.66164
S,0,3,1,Q25FV47,1.16822e+07,0.849959,2.06223e+06,26,782,14.9998,475.777,281.486
S,1,0,0,QADLITTL,0.189555,3.94644e-07,480319,135,4460,9.72936e-05,0.13769,3.55365
S,1,0,0,QAFIRO,0.00105262,0.000661702,-1.58973,23,262,7.88845e-05,7.38857e-06,0.119544
S,1,0,0,QBANDM,0.0460006,2.81309e-06,16352.4,67,218,9.49463e-05,5.28166e-06,3.21657
S,1,0,0,QBEACONF,30.8309,0.00018718,164743,78,295,5.09034e-05,6.86175e-06,1.66855
S,1,0,0,QBORE3D,19.4604,0.00627714,3119.66,91,1286,7.48872e-05,0.000178919,6.68798
S,1,2,0,QBRANDY,0.316328,1.11481e-05,28374.8,206,6033,0.000117706,0.000113009,24.9293
S,0,2,1,QCAPRI,1.69725e+07,0.254106,4.98207e+07,175,6027,1.48343,7.13142,28.5784
S,1,1,0,QE226,0.0298172,0.000140215,212.624,500,4983,0.000887039,5.5295e-05,31.9372
S,0,2,0,QETAMACR,12599.4,0.145221,74160.9,195,6037,0.136353,5.12914,72.5511
S,0,2,0,QFFFFF80,35331.8,0.0404649,837816,193,6007,0.0121962,0.0110415,96.0654
S,0,2,1,QFORPLAN,8.23321e+08,0.110415,6.63331e+09,214,6038,7.46986,4.12355,28.8487
S,1,2,1,QGFRDXPN,3.17151e+08,0.00314663,1.00473e+11,285,6015,23.4992,2.30362,66.8962
S,1,0,0,QGROW15,1829.61,1.79914e-05,-1.01692e+08,165,612,2.59959e-05,0.000175371,11.3994
S,1,0,0,QGROW22,2620.86,1.75157e-05,-1.49626e+08,151,625,8.83237e-05,0.00070659,16.1749
S,1,0,0,QGROW7,859.748,2.00882e-05,-4.27979e+07,196,470,2.61405e-05,0.000209124,3.73113
S,0,3,1,QISRAEL,2.58887e+07,1.02134,-540814,5,99,1452.71,335359,1.17412
S,1,0,0,QPCBLEND,0.00114542,0.146052,-0.00898796,76,478,8.89544e-05,1.54357e-05,0.402406
S,0,2,1,QPCBOEI1,170572,0.0148273,1.13333e+07,168,6013,1.98479,1.6529,16.3291
S,0,2,1,QPCBOEI2,899251,0.110041,7.27271e+06,212,6022,22.796,1.13799,5.80733
S,0,2,1,QPCSTAIR,227079,0.0365997,5.97731e+06,226,6021,51.1702,1.0881,40.8423
S,1,2,0,QPILOTNO,815.059,0.000172368,4.72777e+06,287,6009,0.139811,0.0878291,259.194
S,1,0,0,QPTEST,0.000515401,0.00011789,4.37239,6,117,9.50267e-05,0.000107303,0.0072406
S,1,0,0,QRECIPE,2.73976e-05,1.02761e-07,-266.616,34,69,1.36422e-05,6.91056e-09,0.109811
S,1,0,0,QSC205,4.49185e-05,0.00772598,-0.00576903,50,670,8.92748e-05,1.80786e-05,1.11172
S,1,2,0,QSCAGR25,86.2239,4.27405e-07,2.01738e+08,308,6011,0.00029209,2.94107e-05,26.1051
S,1,2,0,QSCAGR7,295.619,1.10035e-05,2.68657e+07,304,6007,0.00582453,2.25566e-05,6.33202
S,0,2,1,QSCFXM1,2.34938e+06,0.139159,1.45333e+07,171,6025,2.83908,61.7171,54.8969
S,0,3,1,QSCFXM2,2.76372e+07,0.994997,138960,10,210,37.5315,5613.83,12.2148
S,0,3,1,QSCFXM3,3.05916e+07,0.992708,224720,9,298,35.5863,432.604,26.8093
S,0,2,0,QSCORPIO,20.1535,0.010717,1860.36,191,6004,0.0072801,0.0024449,27.9554
S,0,2,0,QSCRS8,111.82,0.123618,792.74,184,6038,0.0173575,4.3326,77.6018
S,1,0,0,QSCSD1,0.000889947,0.000102686,8.66578,42,83,4.02343e-05,9.2219e-07,1.86073
S,1,0,0,QSCSD6,0.0194948,0.000383693,50.7887,73,156,8.40622e-05,9.30019e-06,6.10857
S,1,0,0,QSCSD8,0.00275655,2.93012e-06,940.761,49,231,8.66275e-05,1.60169e-06,20.3651
S,0,3,1,QSCTAP1,701.623,0.495545,714.238,9,69,1.48393,111.851,1.74335
S,0,3,1,QSCTAP2,8842.97,5.09674,-7107.95,6,142,141.866,4212.64,12.8844
S,0,3,1,QSCTAP3,15802.4,10.9834,-14363.6,5,107,174.727,29916.8,12.8635
S,0,2,1,QSEBA,7.24565e+07,0.889235,9.02532e+06,200,6008,18.7513,981.458,175.495
S,0,1,0,QSHARE1B,8663.45,0.0120313,728742,500,5375,0.000162101,2.32654e-05,8.44475
S,0,1,0,QSHARE2B,3357.9,0.28691,8345.79,500,2393,0.157122,0.181588,3.10995
S,1,1,1,QSHELL,2.26891e+09,0.00144275,1.57037e+12,500,2681,8.70144,1.42803,338.553
S,1,1,0,QSHIP04L,4844.06,0.00200166,2.41517e+06,500,4995,0.0455439,0.0419272,124.143
S,1,1,0,QSHIP04S,12043.6,0.00496645,2.41295e+06,500,3892,0.0623721,0.0154727,64.4989
S,0,1,0,QSHIP08L,153035,0.0644077,2.22301e+06,500,4611,0.155759,0.0967169,481.537
S,0,1,0,QSHIP08S,171861,0.072037,2.21387e+06,500,2636,0.154931,0.0360348,213.876
S,0,2,0,QSHIP12L,148133,0.049069,2.87074e+06,221,6001,0.713488,0.966067,816.082
S,0,2,0,QSHIP12S,198867,0.0650539,2.85809e+06,250,6004,0.717537,0.507915,284.608
S,0,3,1,QSIERRA,2.27326e+07,0.957143,4.6483e+07,6,132,3.39573e+06,2.89154e+11,10.6153
S,1,2,1,QSTAIR,39176.8,0.00490603,7.94628e+06,220,6003,6.13759,13.9414,48.5705
S,1,0,0,QSTANDAT,0.72343,0.000112827,6411.11,122,1805,9.54481e-05,4.60211e-05,37.8011
S,1,0,0,S268,0.000113275,197.65,-0.000112702,17,36,9.20094e-05,9.75776e-06,0.0060583
S,1,2,0,STADAT1,129326,0.00453347,-2.86562e+07,154,6036,0.0691906,191.414,66.4846
S,0,2,0,STADAT2,11.2047,0.34342,-21.422,151,6015,0.0358498,366.115,82.6012
S,0,2,0,STADAT3,14.0171,0.391765,-21.7623,157,6019,0.130691,614.974,185.948
S,1,0,0,STCQP1,12.4043,7.9954e-05,155131,76,108,9.54239e-05,6.0854e-07,2072.99
S,1,0,0,STCQP2,1.55815,6.97865e-05,22325.8,88,140,9.74416e-05,1.79766e-06,589.668
S,1,0,0,TAME,2.50046e-11,inf,2.50046e-11,3,4,1.18858e-05,2.73126e-15,0.0038838
S,0,2,0,UBH1,11.3955,10.211,12.5115,233,6007,0.000267162,0.000264449,575.042
S,0,0,0,VALUES,0.0853105,0.0610835,-1.31131,22,47,4.88389e-05,1.46588e-09,0.227386
S,0,2,0,YAO,193.801,0.980259,3.90283,181,6038,0.0148171,0.0026066,41.3562
S,1,0,0,ZECEVIC2,9.06236e-05,2.19694e-05,-4.12491,4,101,4.53118e-05,7.73337e-06,0.0084512
