agree,opt_status,diverged,name,abs_err,rel_err,PMM_iter,SSN_iter,PMM_tol_achieved,SSN_tol_achieved,solving_time_sec

K,1,0,0,25FV47,0.499469,9.0782e-05,5502.35,102,1892,4.95075e-05,0.000164683,40.9946
K,1,2,0,80BAU3B,8.08494,8.1895e-06,987224,202,6020,0.0049897,14.1201,347.863
S,1,2,0,ADLITTLE,102.997,0.000456758,225392,170,6027,0.0301063,18.4188,2.11289
S,1,0,0,AFIRO,9.04404e-06,1.94599e-08,-464.753,44,889,7.91331e-05,0.000628169,0.133196
K,1,2,1,AGG,182423,0.00506846,-3.58093e+07,194,6002,15.893,133.845,9.3142
K,1,0,0,AGG2,3713.67,0.000183488,-2.02355e+07,370,4572,9.44725e-05,1.21886e-05,10.5639
K,1,0,0,AGG3,3955.16,0.000383545,1.03161e+07,418,3021,8.9224e-05,2.39704e-05,7.11094
S,1,0,0,BANDM,0.0566446,0.000357091,-158.571,49,225,9.39198e-05,4.08734e-06,2.05034
S,1,0,0,BEACONFD,96.1438,0.00286206,33688.6,95,259,8.20976e-05,1.60686e-05,0.811685
S,1,0,0,BLEND,9.01384e-05,2.92542e-06,-30.8121,37,333,9.94826e-05,1.59792e-05,0.233975
K,1,2,0,BNL1,10.9015,0.00551243,1966.73,187,6031,0.00194019,0.313854,63.8093
K,1,0,0,BNL2,7.41558,0.00409421,1818.65,173,5769,9.60117e-05,0.000240418,171.206
S,1,2,0,BOEING1,2.76458,0.00824722,-332.449,242,6031,0.00143211,0.00050297,34.0491
S,1,0,0,BOEING2,2.25102e-05,7.14566e-08,-315.019,242,5060,7.05779e-05,0.000263867,9.4661
S,0,0,0,BORE3D,24.7817,0.0180482,1397.86,73,732,8.30507e-05,0.000637356,3.33052
S,1,0,0,BRANDY,0.00711574,4.686e-06,1518.5,210,2949,6.74581e-05,6.47124e-05,5.33578
K,1,0,0,CAPRI,0.00120628,4.48429e-07,2690.01,155,4087,9.38387e-05,0.00018263,14.1554
K,0,0,0,CYCLE,0.594812,0.113809,-4.63158,170,5570,2.52362e-05,0.00101183,257.137
S,1,2,0,CZPROB,1280.91,0.000586178,2.18392e+06,175,6035,0.0387129,1.69994,72.3518
S,1,2,0,D2Q06C,464.063,0.0037795,123248,160,6000,0.0185072,526.231,1000.68
K,1,0,0,D6CUBE,0.000253846,8.04604e-07,315.492,65,382,2.97242e-05,4.30995e-07,38.59
S,1,0,0,DEGEN2,0.00456267,3.17917e-06,-1435.17,22,175,3.4713e-05,2.64324e-05,3.00932
K,1,0,0,DEGEN3,0.00765687,7.75541e-06,-987.286,34,318,9.46005e-05,2.9471e-06,18.27
S,0,1,1,DFL001,4.02763e+07,3.5749,5.15427e+07,500,1002,16.6163,0.944994,184.037
S,0,0,0,E226,7.18572,0.383199,-11.5662,67,1537,5.94447e-05,0.00234037,5.04124
S,1,0,0,ETAMACRO,0.383888,0.00050798,-755.331,50,836,8.95385e-05,2.08555e-05,6.74238
S,0,2,0,FFFFF800,35562.8,0.0639988,520117,187,6035,0.281677,0.0205346,55.8348
S,1,2,0,FINNIS,0.0768976,4.45033e-07,172791,183,6022,0.0203031,4.94319,27.8019
S,1,0,0,FIT1D,0.0367658,4.01971e-06,-9146.34,322,3530,4.49503e-05,0.00440481,14.6185
S,1,0,0,FIT1P,0.014103,1.54193e-06,9146.36,62,160,8.7715e-05,1.40334e-05,64.3632
S,1,3,0,FIT2D,3.51285,5.13092e-05,-68467.8,272,2292,0.00302816,0.00125499,199.965
S,1,0,0,FIT2P,0.137101,2.00252e-06,68464.2,71,272,9.23459e-05,1.81731e-05,7982.06
S,0,2,0,FORPLAN,326.19,0.491089,-338.028,417,6038,0.00103099,0.000377021,12.6698
S,1,0,0,GANGES,18.8062,0.000171611,-109605,89,849,3.04503e-05,3.87732e-06,15.869
S,1,1,0,GFRD-PNC,2152.86,0.000311908,6.90008e+06,500,4572,0.061654,0.0027291,32.941
S,0,2,1,GREENBEA,5.9626e+06,0.0822854,-6.64998e+07,183,6031,1.80362,0.206951,713.192
S,1,2,0,GREENBEB,5342.74,0.00124188,-4.30749e+06,182,6008,0.0041261,0.0551991,378.49
S,1,0,0,GROW15,0.003502,3.27685e-11,-1.06871e+08,120,475,5.461e-07,3.95931e-06,3.6334
S,1,0,0,GROW22,0.00258324,1.60615e-11,-1.60834e+08,127,611,1.0077e-06,8.11259e-06,6.82271
S,1,0,0,GROW7,0.000287011,6.00595e-12,-4.77878e+07,196,358,5.78263e-07,4.62716e-06,1.29254
K,1,0,0,ISRAEL,2835.03,0.00316183,-893810,67,1224,3.57454e-05,1.32888e-05,1.89393
S,1,2,0,KB2,0.117977,6.74192e-05,-1749.78,316,6007,0.000870676,0.000541431,1.32323
K,0,1,0,LOTFI,245.418,9.71386,220.153,500,1249,0.000399118,5.88626e-08,3.0598
K,0,2,0,MAROS,6398.79,0.110203,-51665,168,6000,0.00385674,0.00617929,104.104
S,1,0,0,MAROS-R7,2.01934e-05,1.34876e-11,1.49719e+06,119,993,1.73623e-07,1.23751e-07,1527.58
S,0,1,0,MODSZK1,10401.3,32.4412,10721.9,500,1910,0.000574614,6.19367e-05,28.4672
S,1,2,0,NESM,0.672909,4.78052e-08,1.40761e+07,250,6024,0.00131386,0.000152205,59.9378
S,0,1,0,PEROLD,1938.71,0.206669,-7442.05,500,5437,0.0614595,0.0151259,102.82
K,1,2,0,PILOT,1.86213,0.00334071,-555.542,184,6021,0.000284485,4.92329e-05,958.162
S,0,3,1,PILOT.JA,6113.14,1,0.00320406,20,721,11.9439,394468,38.077
S,0,1,1,PILOT.WE,468130,0.1721,-3.18823e+06,500,2539,5.85561,1.00962,51.3338
S,0,1,0,PILOT4,882.372,0.341854,-1698.77,500,5436,0.287786,0.00229543,43.8802
K,0,2,0,PILOT87,12.3727,0.0410083,314.083,173,6022,0.000270111,0.0190543,2789.85
S,0,2,0,PILOTNOV,3325.92,0.73954,-1171.36,204,6026,0.0922787,1.4381,139.644
S,1,0,0,RECIPE,2.80449e-05,1.05188e-07,-266.616,34,69,1.36421e-05,7.11403e-09,0.0438006
S,0,2,0,SC105,42.12,0.806864,-10.0821,172,6019,0.00414857,0.0752772,1.38063
K,0,2,0,SC205,51.6803,0.990006,-0.521727,180,6033,0.000858207,0.329159,6.39202
S,1,0,0,SC50A,2.45393e-07,3.80012e-09,-64.5751,69,1727,5.41708e-05,0.000174975,0.282697
K,1,0,0,SC50B,3.72357e-07,5.31938e-09,-70,74,1420,9.30639e-05,0.000193275,0.506489
K,1,0,0,SCAGR25,44.7674,3.03437e-06,-1.47534e+07,86,1749,9.03818e-05,2.72121e-05,5.84149
S,1,0,0,SCAGR7,0.104528,4.48351e-08,-2.33139e+06,73,769,2.91864e-06,1.5609e-05,0.438159
K,1,2,0,SCFXM1,8.34455,0.000453096,18425.1,325,6001,0.148617,6.35384e-05,25.5793
K,1,2,0,SCFXM2,129.395,0.00352956,36789.7,219,6006,0.000443105,0.000168906,51.2595
S,0,3,1,SCFXM3,23993.2,0.437025,78894.5,13,461,25.6984,12311.5,17.6309
S,0,2,0,SCORPION,25.8277,0.0137519,1852.3,183,6039,0.00889262,0.935747,15.9392
K,0,2,0,SCRS8,109.352,0.120925,794.948,181,6020,0.0168895,3.04821,41.3519
S,1,0,0,SCSD1,0.000424633,4.89961e-05,8.66624,40,78,2.70067e-05,1.93638e-07,0.426919
S,1,0,0,SCSD6,0.0328737,0.000650964,50.4671,74,159,9.48201e-05,6.01927e-06,1.40873
S,1,0,0,SCSD8,0.000144751,1.59946e-07,905,48,234,7.3499e-05,3.12785e-07,4.97658
S,0,3,1,SCTAP1,415.487,0.294202,996.763,9,104,1.1937,144.011,1.04892
K,1,0,0,SCTAP2,0.000431802,2.50348e-07,1724.81,30,502,9.43086e-06,1.10441e-05,7.12719
S,0,3,1,SCTAP3,8331.28,5.85062,-6907.28,6,145,135.457,8079.82,7.62685
S,1,0,0,SEBA,41.8462,0.0026634,15753.4,103,1625,7.14468e-05,1.79562e-05,54.7793
S,0,2,0,SHARE1B,12627,0.164867,-63962.3,349,6022,0.000166943,2.62514e-05,3.5919
S,1,2,0,SHARE2B,2.88806,0.00694691,-412.844,455,6025,0.00405037,0.00250147,3.39637
S,1,0,0,SHELL,15252.1,1.26172e-05,1.20884e+09,171,721,7.09606e-05,1.92815e-05,7.83432
S,1,2,0,SHIP04L,206.29,0.000115032,1.79312e+06,248,6011,0.00797516,0.00298903,41.4471
S,1,2,0,SHIP04S,13.1908,7.33347e-06,1.7987e+06,184,6019,0.00123941,0.296408,27.7177
S,1,2,0,SHIP08L,4690.8,0.00245713,1.90436e+06,179,6020,0.203379,25.8942,115.09
S,1,2,0,SHIP08S,6582.77,0.00342835,1.91352e+06,181,6005,0.212712,26.6759,67.0057
S,1,2,0,SHIP12L,13503,0.00918452,1.45668e+06,178,6013,0.170211,10.6728,145.952
S,1,2,0,SHIP12S,14181.8,0.00952288,1.47505e+06,180,6007,0.167745,3.20178,85.4858
S,0,3,1,SIERRA,8.18856e+07,5.31919,9.728e+07,6,135,2.01954e+06,9.27911e+10,3.57118
S,1,2,0,STAIR,9.2053e-05,3.66355e-07,-251.267,189,6006,0.00154929,0.00270521,19.453
S,1,0,0,STANDATA,0.0596685,4.74425e-05,1257.76,64,1125,5.72086e-05,8.25337e-05,10.1098
S,1,0,0,STANDMPS,0.00325073,2.31202e-06,1406.01,118,2817,3.95116e-05,0.178057,27.6092
S,1,0,0,STOCFOR1,1.47736,3.59176e-05,-41130.5,69,1351,9.48605e-05,0.00292276,0.723997
K,1,0,0,STOCFOR2,2.10056,5.38268e-05,-39022.3,125,3064,6.65957e-05,1.17499e-05,50.2316
S,0,0,0,TUFF,0.209277,0.716341,0.501425,58,668,9.92958e-05,1.39336e-06,3.6425
S,0,3,1,VTP.BASE,91512.6,0.704857,38318.9,35,783,36.0042,271.594,3.66032
S,1,0,0,WOOD1P,8.03943e-05,5.5717e-05,1.44282,52,786,6.31261e-05,0.000110613,20.2215
S,1,0,0,WOODW,0.000326202,0.000250064,1.3048,42,325,9.75011e-05,1.89353e-05,20.8192
